"ADM2_NA","Ctchm_1","ADM3_NA","uniq_id2","THEMES","n_ag_Ar","n_agc_A","n_df_A","n_f_Ar","n_ls_Ar","n_liv_Ar","n_mn_Ar","n_tN_Ar","n_sed_Ar","n_Up_A","n_fsh","n_ma_avg_A","Th","Th_A","Tot","Tot_A"
"Bua","Aileya Creek","Bua","Aileya Creek_Bua",6.2,7.77894640235929,0.800466918989143,2.7868285488521,5.82439760591688,0,2.18706054510811,9.95270767727405,0.530182588962739,3.39323776965841,0,5.96933933489668,9.78288005361895,4.23439995866203,4.08383728713636,5.21719997933101,5.14191864356818
"Ba","Ba","Ba","Ba_Ba",5.9,7.56175356030062,10,3.28055473623997,0.568369150137436,0,10,1.44898111067852,5.88094929457411,5.28020027070051,4.25813868504261,4.61986195429721,0,6.61714881741158,4.40823406349758,6.25857440870579,5.15411703174879
"Ba","Ba","Magodro","Ba_Magodro",4.7,5.87259832861543,10,1.34511851989162,1.79874644337679,0.65998805946657,1.04685348367206,4.26669018379385,0.50038480220945,4.76880307366076,0,NA,NA,6.87027070908365,3.02591828946865,5.78513535454182,3.86295914473433
"Ba","Ba","Nawaka","Ba_Nawaka",5.5,0,10,0.425885327460732,10,0,1.45876203140154,0,0,0.267109187360866,0.879501902155979,NA,NA,1.26498855096555,2.30312584483791,3.38249427548278,3.90156292241896
"Ba","Ba","Tavua","Ba_Tavua",5.8,7.00796148632469,10,1.22164459379791,1.06815692298023,0.785569510957367,2.63449939534866,0.223611394449887,0.178772161737673,6.60593942311984,0.846438636053693,3.20714757718486,0.0272032057798695,5.08233310566146,2.81724535897789,5.44116655283073,4.30862267948894
"Ba","Ba","Vuda","Ba_Vuda",6.3,1.92287713844843,10,10,0,0,10,0,0,4.78666012700869,10,2.65713984221142,0,2.54606080239908,4.11388975897238,4.42303040119954,5.20694487948619
"Nadroga_Navosa","Ba","Navosa","Ba_Navosa",NA,NA,NA,NA,NA,NA,NA,NA,NA,NA,NA,NA,NA,NA,NA,NA,NA
"Ra","Barotu","Nalawa","Barotu_Nalawa",5.3,9.38397839710614,5.64834127661795,2.66129466812392,0,0,0,0,0,5.81932905282032,0,2.39740193978022,0,0.304018858944551,2.15919544453738,2.80200942947228,3.72959772226869
"Ra","Barotu","Saivou","Barotu_Saivou",5.2,7.05967516493354,5.64834127661795,0.766729835498981,0.167921282413088,10,2.76888599103494,0,1.53776715281753,2.1103341675362,0,1.9215001422326,0,1.76209686653992,2.6650962510904,3.48104843326996,3.9325481255452
"Bua","Batiri","Vuya","Batiri_Vuya",5.8,0.0883104329867555,0.800466918989143,4.78512175647046,10,0,2.2664008789235,0,0,1.30969344119355,0.163188737762868,1.99758335519723,1.6889860268275,0.378556334594412,1.92497929569592,3.08927816729721,3.86248964784796
"Bua","Batiri","Wainunu","Batiri_Wainunu",5.7,4.26266070951949,0.800466918989143,7.14447290312037,0.0388037043019719,8.47862633484907,0,0,1.20571219841448,0.421831122660035,0,4.60867319863064,4.22483433260892,1.35282194026343,2.59884011859118,3.52641097013172,4.14942005929559
"Rewa","Beqa Island","Beqa","Beqa Island_Beqa",NA,NA,NA,NA,NA,NA,NA,NA,NA,NA,NA,NA,NA,NA,NA,NA,NA
"Macuata","Bourewa River","Dogotuki","Bourewa River_Dogotuki",5.1,1.32022819539312,0,1.13240157530596,3.89856895847547,0,0.304455680582909,0,0.0924652119979843,0.149305428477926,0,10,0.400815815551518,1.27956076389034,1.44152007214874,3.18978038194517,3.27076003607437
"Cakaudrove","Buca River","Cakaudrove","Buca River_Cakaudrove",NA,NA,NA,NA,NA,NA,NA,NA,NA,NA,NA,NA,NA,NA,NA,NA,NA
"Cakaudrove","Buca River","Tunuloa","Buca River_Tunuloa",NA,NA,NA,NA,NA,NA,NA,NA,NA,NA,NA,NA,NA,NA,NA,NA,NA
"Cakaudrove","Bucaisau River","Vaturova","Bucaisau River_Vaturova",NA,NA,NA,NA,NA,NA,NA,NA,NA,NA,NA,NA,NA,NA,NA,NA,NA
"Macuata","Bucaisau River","Labasa","Bucaisau River_Labasa",5.8,6.96190862365334,0,0.871004473322146,0.72534631585289,0,7.78638401276887,8.36534818479917,1.08869289655222,2.8287975721723,3.08376940365086,9.96138700283971,4.10003165611231,4.54320175191481,3.81438917847698,5.1716008759574,4.80719458923849
"Macuata","Bucalevu","Labasa","Bucalevu_Labasa",5.8,10,0,0.145420506446598,0.161530755084279,0,7.78638401276887,0.451483402209561,1.33013387045277,6.14612384534042,3.08376940365086,9.96138700283971,4.10003165611231,2.56253080001835,3.59718870457545,4.18126540000918,4.69859435228772
"Lomaiviti","Bureta River","Ovalau","Bureta River_Ovalau",NA,NA,NA,NA,NA,NA,NA,NA,NA,NA,NA,NA,NA,NA,NA,NA,NA
"Cakaudrove","Codreudreu","Wailevu","Codreudreu_Wailevu",NA,NA,NA,NA,NA,NA,NA,NA,NA,NA,NA,NA,NA,NA,NA,NA,NA
"Macuata","Codreudreu","Sasa","Codreudreu_Sasa",5.3,0.000963747859388253,0,10,0,0,1.32874726389997,0,0,5.78307402012096,0,9.39581244062077,6.63496384840591,1.0269189552225,2.76196344340892,3.16345947761125,4.03098172170446
"Cakaudrove","Dama","Tunuloa","Dama_Tunuloa",NA,NA,NA,NA,NA,NA,NA,NA,NA,NA,NA,NA,NA,NA,NA,NA,NA
"Bua","Dama River","Bua","Dama River_Bua",6.2,0.26684105333262,0.800466918989143,10,4.85489724737278,0,2.18706054510811,9.24685926675443,0,0.330336826121054,0,5.96933933489668,9.78288005361895,1.60080364204727,3.61989010384948,3.90040182102363,4.90994505192474
"Bua","Dama River","Vuya","Dama River_Vuya",5.8,2.71612187045292,0.800466918989143,7.74208044536713,3.22760171062457,0,2.2664008789235,6.60028886573714,0.919942153255312,0.88773661288851,0.163188737762868,1.99758335519723,1.6889860268275,2.85830778016664,2.41753313133549,4.32915389008332,4.10876656566774
"Bua","Dama River","Wainunu","Dama River_Wainunu",5.7,1.15901078340011,0.800466918989143,5.08156299958848,0.00703389005616702,0,0,0,0.0364060788225815,0.246960374991169,0,4.60867319863064,4.22483433260892,0.658662755508132,1.3470790480906,3.17933137775407,3.5235395240453
"Ra","Dawasamu River","Nakorotubu","Dawasamu River_Nakorotubu",6.2,1.51477770322416,5.64834127661795,1.07187159616589,6.10361977566365,0,0,0,0,0.214292288107159,0,1.48147348579811,0,0.615942894024438,1.33619801046474,3.40797144701222,3.76809900523237
"Tailevu","Dawasamu River","Sawakasa","Dawasamu River_Sawakasa",NA,NA,NA,NA,NA,NA,NA,NA,NA,NA,NA,NA,NA,NA,NA,NA,NA
"Cakaudrove","Dawato River","Saqani","Dawato River_Saqani",NA,NA,NA,NA,NA,NA,NA,NA,NA,NA,NA,NA,NA,NA,NA,NA,NA
"Cakaudrove","Dawato River","Vaturova","Dawato River_Vaturova",NA,NA,NA,NA,NA,NA,NA,NA,NA,NA,NA,NA,NA,NA,NA,NA,NA
"Cakaudrove","Delaimaravu","Nasavusavu","Delaimaravu_Nasavusavu",NA,NA,NA,NA,NA,NA,NA,NA,NA,NA,NA,NA,NA,NA,NA,NA,NA
"Cakaudrove","Dogoru River","Wailevu","Dogoru River_Wailevu",NA,NA,NA,NA,NA,NA,NA,NA,NA,NA,NA,NA,NA,NA,NA,NA,NA
"Ra","Drauniivi","Rakiraki","Drauniivi_Rakiraki",5.7,10,5.64834127661795,0.448815275875756,0,0,5.17225494294155,0,3.08972655306493,10,1.24082625462188,1.15877610866503,0.00811468774318933,1.02239278605899,3.06390459162752,3.3611963930295,4.38195229581376
"Bua","Draunivuga","Bua","Draunivuga_Bua",6.2,6.18750688838413,0.800466918989143,2.06286247270777,0.482250292671784,0,2.18706054510811,8.48351436733932,0.103566149547484,0.843647231969155,0,5.96933933489668,9.78288005361895,2.24503896515563,3.07525785460271,4.22251948257782,4.63762892730136
"Macuata","Draunivuga","Macuata","Draunivuga_Macuata",6.1,4.65486844659014,0,2.9043275595546,4.44939039668532,0,4.5588721813233,7.21440922628646,0.361527375518767,1.27202159141659,0.098984602948184,9.87454733069787,6.87827292183037,3.12675895446198,3.5222684694043,4.61337947723099,4.81113423470215
"Cakaudrove","Drekeniwai River","Cakaudrove","Drekeniwai River_Cakaudrove",NA,NA,NA,NA,NA,NA,NA,NA,NA,NA,NA,NA,NA,NA,NA,NA,NA
"Cakaudrove","Drekeniwai River","Nasavusavu","Drekeniwai River_Nasavusavu",NA,NA,NA,NA,NA,NA,NA,NA,NA,NA,NA,NA,NA,NA,NA,NA,NA
"Cakaudrove","Drekeniwai River","Tunuloa","Drekeniwai River_Tunuloa",NA,NA,NA,NA,NA,NA,NA,NA,NA,NA,NA,NA,NA,NA,NA,NA,NA
"Cakaudrove","Dreketi Creek","Nasavusavu","Dreketi Creek_Nasavusavu",NA,NA,NA,NA,NA,NA,NA,NA,NA,NA,NA,NA,NA,NA,NA,NA,NA
"Cakaudrove","Dreketi River","Wailevu","Dreketi River_Wailevu",NA,NA,NA,NA,NA,NA,NA,NA,NA,NA,NA,NA,NA,NA,NA,NA,NA
"Macuata","Dreketi River","Labasa","Dreketi River_Labasa",5.8,1.54719331206703,0,3.13712131611732,0,0,7.78638401276887,0.0313258464648487,0.0826995201090041,0.423870568074312,3.08376940365086,9.96138700283971,4.10003165611231,2.40416332615145,2.51281521985036,4.10208166307572,4.15640760992518
"Macuata","Dreketi River","Macuata","Dreketi River_Macuata",6.1,4.69860149918853,0,2.02870805406954,5.31073359529355,2.35849347909383,4.5588721813233,7.11620290954194,0.626733317604286,1.15346748828157,0.098984602948184,9.87454733069787,6.87827292183037,7.69999067069167,3.72530144832275,6.89999533534583,4.91265072416137
"Macuata","Dreketi River","Sasa","Dreketi River_Sasa",5.3,3.41306970691993,0,2.75909434293551,2.75525453995705,3.30081206512451,1.32874726389997,6.1389557235446,0.46928628761272,1.22619393757351,0,9.39581244062077,6.63496384840591,6.04306415054347,3.11851584638287,5.67153207527174,4.20925792319144
"Serua","Drodrowa Creek","Serua","Drodrowa Creek_Serua",NA,NA,NA,NA,NA,NA,NA,NA,NA,NA,NA,NA,NA,NA,NA,NA,NA
"Cakaudrove","Dromuninuku","Nasavusavu","Dromuninuku_Nasavusavu",NA,NA,NA,NA,NA,NA,NA,NA,NA,NA,NA,NA,NA,NA,NA,NA,NA
"Ra","Ellington","Rakiraki","Ellington_Rakiraki",5.7,7.67455010379441,5.64834127661795,1.62454256284246,0.03877882092132,10,5.17225494294155,2.42793277643694,3.02485875471403,5.21960964866661,1.24082625462188,1.15877610866503,0.00811468774318933,2.44813912385523,3.60321549483045,4.07406956192762,4.65160774741522
"Ra","Ellington","Saivou","Ellington_Saivou",5.2,6.74991843566343,5.64834127661795,1.72599865307675,0,8.45123919813109,2.76888599103494,0.663417988433693,1.94645735799001,2.96851637689755,0,1.9215001422326,0,1.33795482282427,2.73702295167317,3.26897741141213,3.96851147583658
"Cakaudrove","Kasavu River","Cakaudrove","Kasavu River_Cakaudrove",NA,NA,NA,NA,NA,NA,NA,NA,NA,NA,NA,NA,NA,NA,NA,NA,NA
"Cakaudrove","Kasavu River","Nasavusavu","Kasavu River_Nasavusavu",NA,NA,NA,NA,NA,NA,NA,NA,NA,NA,NA,NA,NA,NA,NA,NA,NA
"Bua","Kilaka","Vuya","Kilaka_Vuya",5.8,1.69157091133276,0.800466918989143,1.89376990988622,5.88797595985414,0,2.2664008789235,0.77043322833707,0.244157205576562,0.102804561248089,0.163188737762868,1.99758335519723,1.6889860268275,0.880953188947665,1.45894480782792,3.34047659447383,3.62947240391396
"Bua","Kilaka","Wainunu","Kilaka_Wainunu",5.7,0.0562952620213393,0.800466918989143,1.79870734963887,0,0,0,10,0,0.00837688969303781,0,4.60867319863064,4.22483433260892,0.444515222384484,1.79144616263183,3.07225761119224,3.74572308131591
"Cakaudrove","Kilaka","Wailevu","Kilaka_Wailevu",NA,NA,NA,NA,NA,NA,NA,NA,NA,NA,NA,NA,NA,NA,NA,NA,NA
"Cakaudrove","Kioa Island","Cakaudrove","Kioa Island_Cakaudrove",NA,NA,NA,NA,NA,NA,NA,NA,NA,NA,NA,NA,NA,NA,NA,NA,NA
"Cakaudrove","Koroalau River","Nasavusavu","Koroalau River_Nasavusavu",NA,NA,NA,NA,NA,NA,NA,NA,NA,NA,NA,NA,NA,NA,NA,NA,NA
"Cakaudrove","Koroalau River","Vaturova","Koroalau River_Vaturova",NA,NA,NA,NA,NA,NA,NA,NA,NA,NA,NA,NA,NA,NA,NA,NA,NA
"Bua","Korolevu River","Wainunu","Korolevu River_Wainunu",5.7,1.26808092155746,0.800466918989143,3.70299519300484,0.810788183593403,0,0,0,0.3782750263974,0.362606450696714,0,4.60867319863064,4.22483433260892,0.805942921759367,1.34639335212321,3.25297146087968,3.52319667606161
"Cakaudrove","Koronatoga","Nasavusavu","Koronatoga_Nasavusavu",NA,NA,NA,NA,NA,NA,NA,NA,NA,NA,NA,NA,NA,NA,NA,NA,NA
"Cakaudrove","Koronatoga","Vaturova","Koronatoga_Vaturova",NA,NA,NA,NA,NA,NA,NA,NA,NA,NA,NA,NA,NA,NA,NA,NA,NA
"Cakaudrove","Korotasere","Vaturova","Korotasere_Vaturova",NA,NA,NA,NA,NA,NA,NA,NA,NA,NA,NA,NA,NA,NA,NA,NA,NA
"Serua","Korovisilou","Nuku","Korovisilou_Nuku",NA,NA,NA,NA,NA,NA,NA,NA,NA,NA,NA,NA,NA,NA,NA,NA,NA
"Serua","Korovisilou","Serua","Korovisilou_Serua",NA,NA,NA,NA,NA,NA,NA,NA,NA,NA,NA,NA,NA,NA,NA,NA,NA
"Cakaudrove","Kubulau","Tunuloa","Kubulau_Tunuloa",NA,NA,NA,NA,NA,NA,NA,NA,NA,NA,NA,NA,NA,NA,NA,NA,NA
"Nadroga_Navosa","Kubuna","Malomalo","Kubuna_Malomalo",NA,NA,NA,NA,NA,NA,NA,NA,NA,NA,NA,NA,NA,NA,NA,NA,NA
"Cakaudrove","Labasa River","Vaturova","Labasa River_Vaturova",NA,NA,NA,NA,NA,NA,NA,NA,NA,NA,NA,NA,NA,NA,NA,NA,NA
"Cakaudrove","Labasa River","Wailevu","Labasa River_Wailevu",NA,NA,NA,NA,NA,NA,NA,NA,NA,NA,NA,NA,NA,NA,NA,NA,NA
"Macuata","Labasa River","Labasa","Labasa River_Labasa",5.8,7.54797119224759,0,0.861827453239647,0.0061550678296602,4.40391820365257,7.78638401276887,0,10,3.44574545293807,3.08376940365086,9.96138700283971,4.10003165611231,4.31752955780992,4.26643245377327,5.05876477890496,5.03321622688664
"Cakaudrove","Lagalaga River","Saqani","Lagalaga River_Saqani",NA,NA,NA,NA,NA,NA,NA,NA,NA,NA,NA,NA,NA,NA,NA,NA,NA
"Macuata","Lagalaga River","Dogotuki","Lagalaga River_Dogotuki",5.1,0,0,3.52616447185045,0,0,0.304455680582909,10,0,0.066279015710786,0,10,0.400815815551518,0.98907904026963,2.02480958197464,3.04453952013482,3.56240479098732
"Macuata","Lagalaga River","Labasa","Lagalaga River_Labasa",5.8,7.98653974136646,0,1.28433757994752,1.09732261593595,6.97418952490975,7.78638401276887,9.99963728724523,0.249549986185314,1.88564904858783,3.08376940365086,9.96138700283971,4.10003165611231,4.87839852641451,4.53406648829582,5.33919926320725,5.16703324414791
"Cakaudrove","Lakeba","Saqani","Lakeba_Saqani",NA,NA,NA,NA,NA,NA,NA,NA,NA,NA,NA,NA,NA,NA,NA,NA,NA
"Macuata","Lakeba","Dogotuki","Lakeba_Dogotuki",5.1,0,0,0,10,0,0.304455680582909,0,0,0.137207343608249,0,10,0.400815815551518,0.989092180322527,1.73687323664522,3.04454609016126,3.41843661832261
"Rewa","Lami","Suva","Lami_Suva",NA,NA,NA,NA,NA,NA,NA,NA,NA,NA,NA,NA,NA,NA,NA,NA,NA
"Naitasiri","Lami","Naitasiri","Lami_Naitasiri",NA,NA,NA,NA,NA,NA,NA,NA,NA,NA,NA,NA,NA,NA,NA,NA,NA
"Ba","Lawaki","Vuda","Lawaki_Vuda",6.3,5.35292302492016,10,2.91192379060174,0.0511583866899158,0,10,0.0063655623753988,10,3.52015367665863,10,2.65713984221142,0,3.86617228688527,4.54163869028811,5.08308614344264,5.42081934514405
"Cakaudrove","Loa","Cakaudrove","Loa_Cakaudrove",NA,NA,NA,NA,NA,NA,NA,NA,NA,NA,NA,NA,NA,NA,NA,NA,NA
"Cakaudrove","Loa","Tunuloa","Loa_Tunuloa",NA,NA,NA,NA,NA,NA,NA,NA,NA,NA,NA,NA,NA,NA,NA,NA,NA
"Namosi","Lobau","Veivatuloa","Lobau_Veivatuloa",NA,NA,NA,NA,NA,NA,NA,NA,NA,NA,NA,NA,NA,NA,NA,NA,NA
"Cakaudrove","Lumiboso","Tunuloa","Lumiboso_Tunuloa",NA,NA,NA,NA,NA,NA,NA,NA,NA,NA,NA,NA,NA,NA,NA,NA,NA
"Bua","Luvuluvu","Bua","Luvuluvu_Bua",6.2,1.81352505543816,0.800466918989143,5.03646763822469,5.50957808586388,0,2.18706054510811,9.99999910160647,0.384499982270487,0.867910615039003,0,5.96933933489668,9.78288005361895,4.62898594957597,3.5293106109213,5.41449297478798,4.86465530546065
"Bua","Luvuluvu","Vuya","Luvuluvu_Vuya",5.8,1.67860698574045,0.800466918989143,3.1021591806637,10,0,2.2664008789235,10,0,0.328368670128741,0.163188737762868,1.99758335519723,1.6889860268275,0.39579544534067,2.66881339618609,3.09789772267034,4.23440669809305
"Ra","Malake","Rakiraki","Malake_Rakiraki",5.7,9.15971477039544,5.64834127661795,0.557553051461077,0,0,5.17225494294155,0,4.58911717335097,2.02707530447648,1.24082625462188,1.15877610866503,0.00811468774318933,0.612399868034657,2.46348113085613,3.15619993401733,4.08174056542807
"Macuata","Malau","Labasa","Malau_Labasa",5.8,8.18338605266936,0,1.4496556652625,0,10,7.78638401276887,0.645395312637801,4.68165249307263,3.14563817293437,3.08376940365086,9.96138700283971,4.10003165611231,3.75730492788371,4.4197749809957,4.77865246394185,5.10988749049785
"Macuata","Malau","Macuata","Malau_Macuata",6.1,8.8294554619415,0,3.86274186247034,0,0,4.5588721813233,1.35212645424429,1.06887575222895,2.94381731065765,0.098984602948184,9.87454733069787,6.87827292183037,2.21991205885762,3.28897448986187,4.15995602942881,4.69448724493094
"Nadroga_Navosa","Malolo","Malolo","Malolo_Malolo",NA,NA,NA,NA,NA,NA,NA,NA,NA,NA,NA,NA,NA,NA,NA,NA,NA
"Ba","Marika Creek","Nadi","Marika Creek_Nadi",5.7,8.54977676118609,10,0.570801889684149,0,0,3.71318483592887,0.935030345716472,10,3.10271384460462,10,NA,0.508058982588129,2.90579227390382,4.30723333270076,4.30289613695191,5.00361666635038
"Ba","Marika Creek","Vuda","Marika Creek_Vuda",6.3,9.56440837984785,10,0.405099669880627,0,0,10,2.64493074137727,10,2.05573353894834,10,2.65713984221142,0,2.93981426394531,4.77727601435546,4.61990713197265,5.53863800717773
"Cakaudrove","Mariko River","Nasavusavu","Mariko River_Nasavusavu",NA,NA,NA,NA,NA,NA,NA,NA,NA,NA,NA,NA,NA,NA,NA,NA,NA
"Cakaudrove","Mariko River","Vaturova","Mariko River_Vaturova",NA,NA,NA,NA,NA,NA,NA,NA,NA,NA,NA,NA,NA,NA,NA,NA,NA
"Cakaudrove","Mariko River","Wailevu","Mariko River_Wailevu",NA,NA,NA,NA,NA,NA,NA,NA,NA,NA,NA,NA,NA,NA,NA,NA,NA
"Cakaudrove","Mataniwai River","Cakaudrove","Mataniwai River_Cakaudrove",NA,NA,NA,NA,NA,NA,NA,NA,NA,NA,NA,NA,NA,NA,NA,NA,NA
"Cakaudrove","Mataniwai River","Nasavusavu","Mataniwai River_Nasavusavu",NA,NA,NA,NA,NA,NA,NA,NA,NA,NA,NA,NA,NA,NA,NA,NA,NA
"Namosi","Mau","Veivatuloa","Mau_Veivatuloa",NA,NA,NA,NA,NA,NA,NA,NA,NA,NA,NA,NA,NA,NA,NA,NA,NA
"Nadroga_Navosa","Momi","Malomalo","Momi_Malomalo",NA,NA,NA,NA,NA,NA,NA,NA,NA,NA,NA,NA,NA,NA,NA,NA,NA
"Lomaiviti","Moturiki Island","Ovalau","Moturiki Island_Ovalau",NA,NA,NA,NA,NA,NA,NA,NA,NA,NA,NA,NA,NA,NA,NA,NA,NA
"Nadroga_Navosa","Muanidele Creek","Baravi","Muanidele Creek_Baravi",NA,NA,NA,NA,NA,NA,NA,NA,NA,NA,NA,NA,NA,NA,NA,NA,NA
"Ba","Musuniwai Creek","Vuda","Musuniwai Creek_Vuda",6.3,5.66617082434282,10,0.813921499046213,0.216948797240676,0,10,0,10,10,10,2.65713984221142,0,3.86042505600315,4.94618174690343,5.08021252800158,5.62309087345171
"Cakaudrove","Nabalebale","Nasavusavu","Nabalebale_Nasavusavu",NA,NA,NA,NA,NA,NA,NA,NA,NA,NA,NA,NA,NA,NA,NA,NA,NA
"Bua","Nabau","Vuya","Nabau_Vuya",5.8,3.34023382449414,0.800466918989143,8.82881778577666,0.417664050389852,0,2.2664008789235,0,3.59684632156984,0.966653652390088,0.163188737762868,1.99758335519723,1.6889860268275,0.843320891293244,2.00557012936007,3.32166044564662,3.90278506468003
"Bua","Nabau","Wainunu","Nabau_Wainunu",5.7,4.57523181663909,0.800466918989143,5.53086366794546,0.266852706131448,10,0,0,0.920752119260379,0.791624371926277,0,4.60867319863064,4.22483433260892,1.63092005629369,2.64327492767761,3.66546002814685,4.17163746383881
"Namosi","Naboro","Veivatuloa","Naboro_Veivatuloa",NA,NA,NA,NA,NA,NA,NA,NA,NA,NA,NA,NA,NA,NA,NA,NA,NA
"Rewa","Naboro","Suva","Naboro_Suva",NA,NA,NA,NA,NA,NA,NA,NA,NA,NA,NA,NA,NA,NA,NA,NA,NA
"Macuata","Nabouono","Macuata","Nabouono_Macuata",6.1,7.71970281457134,0,2.53499184723605,0,0,4.5588721813233,9.96867028467157,0.391308431031642,2.53487884203547,0.098984602948184,9.87454733069787,6.87827292183037,2.78324336087709,3.71335243802882,4.44162168043854,4.90667621901441
"Serua","Naboutini","Nuku","Naboutini_Nuku",NA,NA,NA,NA,NA,NA,NA,NA,NA,NA,NA,NA,NA,NA,NA,NA,NA
"Serua","Naboutini","Serua","Naboutini_Serua",NA,NA,NA,NA,NA,NA,NA,NA,NA,NA,NA,NA,NA,NA,NA,NA,NA
"Cakaudrove","Naboutini","Saqani","Naboutini_Saqani",NA,NA,NA,NA,NA,NA,NA,NA,NA,NA,NA,NA,NA,NA,NA,NA,NA
"Macuata","Nabubou","Dogotuki","Nabubou_Dogotuki",5.1,5.77227996978731,0,1.73905329770811,0.270210580359539,0,0.304455680582909,0,0.453520491225758,0.460748280213037,0,10,0.400815815551518,1.28875507523484,1.61675700961902,3.19437753761742,3.35837850480951
"Cakaudrove","Nadamole","Nasavusavu","Nadamole_Nasavusavu",NA,NA,NA,NA,NA,NA,NA,NA,NA,NA,NA,NA,NA,NA,NA,NA,NA
"Cakaudrove","Nadamole","Vaturova","Nadamole_Vaturova",NA,NA,NA,NA,NA,NA,NA,NA,NA,NA,NA,NA,NA,NA,NA,NA,NA
"Cakaudrove","Nadamole","Wailevu","Nadamole_Wailevu",NA,NA,NA,NA,NA,NA,NA,NA,NA,NA,NA,NA,NA,NA,NA,NA,NA
"Cakaudrove","Nadawa Bay","Saqani","Nadawa Bay_Saqani",NA,NA,NA,NA,NA,NA,NA,NA,NA,NA,NA,NA,NA,NA,NA,NA,NA
"Macuata","Nadawa Bay","Dogotuki","Nadawa Bay_Dogotuki",5.1,0.16705741429403,0,0.7118746509768,9.11567697435767,0,0.304455680582909,0.822458460326383,0,0.335789524595954,0,10,0.400815815551518,1.02720873100428,1.82151071005711,3.06360436550214,3.46075535502855
"Ba","Nadi","Magodro","Nadi_Magodro",4.7,0.13901524576764,10,0.0823267128138937,1.95376614285837,0,1.04685348367206,9.06163498450963,0,0.223124375195243,0,NA,NA,1.41499333094262,2.25067209448168,3.05749666547131,3.47533604724084
"Ba","Nadi","Nadi","Nadi_Nadi",5.7,8.64232243842521,10,2.53378085207447,0.145452118943926,0,3.71318483592887,1.39333022452382,10,2.92680904231713,10,NA,0.508058982588129,5.00327390419639,4.53299440861832,5.35163695209819,5.11649720430916
"Ba","Nadi","Nawaka","Nadi_Nawaka",5.5,5.89558046711471,10,1.95789998751457,1.98625407299863,0,1.45876203140154,1.74119768159185,1.98031919160998,3.37645874457413,0.879501902155979,NA,NA,7.19252386176146,2.92759740789614,6.34626193088073,4.21379870394807
"Ba","Nadi","Vuda","Nadi_Vuda",6.3,10,10,0,0,0,10,10,10,1.7960375695161,10,2.65713984221142,0,2.50895717048276,5.37109811764396,4.40447858524138,5.83554905882198
"Nadroga_Navosa","Nadi","Malomalo","Nadi_Malomalo",NA,NA,NA,NA,NA,NA,NA,NA,NA,NA,NA,NA,NA,NA,NA,NA,NA
"Nadroga_Navosa","Nadi","Nasigatoka","Nadi_Nasigatoka",NA,NA,NA,NA,NA,NA,NA,NA,NA,NA,NA,NA,NA,NA,NA,NA,NA
"Nadroga_Navosa","Nadi","Navosa","Nadi_Navosa",NA,NA,NA,NA,NA,NA,NA,NA,NA,NA,NA,NA,NA,NA,NA,NA,NA
"Rewa","Naikorokoro","Suva","Naikorokoro_Suva",NA,NA,NA,NA,NA,NA,NA,NA,NA,NA,NA,NA,NA,NA,NA,NA,NA
"Cakaudrove","Nailoilo","Nasavusavu","Nailoilo_Nasavusavu",NA,NA,NA,NA,NA,NA,NA,NA,NA,NA,NA,NA,NA,NA,NA,NA,NA
"Tailevu","Naimasi Creek","Sawakasa","Naimasi Creek_Sawakasa",NA,NA,NA,NA,NA,NA,NA,NA,NA,NA,NA,NA,NA,NA,NA,NA,NA
"Tailevu","Naimasimasi","Bau","Naimasimasi_Bau",NA,NA,NA,NA,NA,NA,NA,NA,NA,NA,NA,NA,NA,NA,NA,NA,NA
"Tailevu","Naimasimasi","Verata","Naimasimasi_Verata",NA,NA,NA,NA,NA,NA,NA,NA,NA,NA,NA,NA,NA,NA,NA,NA,NA
"Naitasiri","Naimasimasi","Naitasiri","Naimasimasi_Naitasiri",NA,NA,NA,NA,NA,NA,NA,NA,NA,NA,NA,NA,NA,NA,NA,NA,NA
"Bua","Nakabuta","Vuya","Nakabuta_Vuya",5.8,1.35303958127906,0.800466918989143,3.11006570632094,8.71905791147621,0,2.2664008789235,0.636362657460198,0.0265431327205818,0.097768723765615,0.163188737762868,1.99758335519723,1.6889860268275,0.974180169628875,1.73828863589357,3.38709008481444,3.76914431794679
"Bua","Nakabuta","Wainunu","Nakabuta_Wainunu",5.7,0.963096231432927,0.800466918989143,4.40575593539262,0.156689396967974,10,0,9.34315894173246,0.273117913526626,0.17474089345522,0,4.60867319863064,4.22483433260892,1.72474157316966,2.91254448022804,3.71237078658483,4.30627224011402
"Bua","Nakalavo","Bua","Nakalavo_Bua",6.2,7.37266101106858,0.800466918989143,6.88392719298288,1.90148504974055,0,2.18706054510811,9.9999988533018,0.246496569656191,2.99792585496351,0,5.96933933489668,9.78288005361895,4.55690633745068,4.01185344869387,5.37845316872534,5.10592672434693
"Cakaudrove","Nakanakana","Tunuloa","Nakanakana_Tunuloa",NA,NA,NA,NA,NA,NA,NA,NA,NA,NA,NA,NA,NA,NA,NA,NA,NA
"Cakaudrove","Nakarabo","Vaturova","Nakarabo_Vaturova",NA,NA,NA,NA,NA,NA,NA,NA,NA,NA,NA,NA,NA,NA,NA,NA,NA
"Ba","Nakavika","Ba","Nakavika_Ba",5.9,9.83839369046555,10,0.195558412994788,0,0,10,2.58951310916116,7.72732903129672,10,4.25813868504261,4.61986195429721,0,2.56865510620753,4.93573290693817,4.23432755310376,5.41786645346908
"Ba","Nakavika","Vuda","Nakavika_Vuda",6.3,9.2669073107874,10,1.0018988603739,0,0,10,0.482135401755834,5.79260318568929,5.0677378850283,10,2.65713984221142,0,2.8943979884745,4.52236854048718,4.59719899423725,5.41118427024359
"Bua","Nakawaka River","Wainunu","Nakawaka River_Wainunu",5.7,3.28448970365285,0.800466918989143,3.65677434494459,2.30961571168595,0,0,0,0.566223180754181,0.416470056005824,0,4.60867319863064,4.22483433260892,0.801534859748432,1.65562895393934,3.25076742987422,3.67781447696967
"Cakaudrove","Nakelikoso River","Nasavusavu","Nakelikoso River_Nasavusavu",NA,NA,NA,NA,NA,NA,NA,NA,NA,NA,NA,NA,NA,NA,NA,NA,NA
"Cakaudrove","Nakelikoso River","Wailevu","Nakelikoso River_Wailevu",NA,NA,NA,NA,NA,NA,NA,NA,NA,NA,NA,NA,NA,NA,NA,NA,NA
"Cakaudrove","Nakura River","Saqani","Nakura River_Saqani",NA,NA,NA,NA,NA,NA,NA,NA,NA,NA,NA,NA,NA,NA,NA,NA,NA
"Macuata","Nakura River","Dogotuki","Nakura River_Dogotuki",5.1,1.70701547940113,0,0.338649250555638,0,0,0.304455680582909,0,0,0.0234652650040089,0,10,0.400815815551518,0.988983864890054,1.06453345759127,3.04449193244503,3.08226672879563
"Bua","Nalomate River","Bua","Nalomate River_Bua",6.2,0,0.800466918989143,0,0,0,2.18706054510811,9.99999999999875,0,0.0590660988879356,0,5.96933933489668,9.78288005361895,1.5815242899832,2.39990107929163,3.8907621449916,4.29995053964582
"Bua","Nalomate River","Vuya","Nalomate River_Vuya",5.8,0,0.800466918989143,10,0,0,2.2664008789235,0,0,0.798986014336198,0.163188737762868,1.99758335519723,1.6889860268275,0.378317708694419,1.47630099433637,3.08915885434721,3.63815049716818
"Bua","Nalomate River","Wainunu","Nalomate River_Wainunu",5.7,1.38948669825078,0.800466918989143,2.98112518673525,1.78026649801624,0,0,2.96687597331709,0.694556251725739,0.488642236425563,0,4.60867319863064,4.22483433260892,1.25782716337951,1.66124394122495,3.47891358168976,3.68062197061247
"Nadroga_Navosa","Namada","Baravi","Namada_Baravi",NA,NA,NA,NA,NA,NA,NA,NA,NA,NA,NA,NA,NA,NA,NA,NA,NA
"Ra","Namarai","Nakorotubu","Namarai_Nakorotubu",6.2,6.9712146531958,5.64834127661795,1.32295953473086,0.330292467292589,0,0,0,1.05227026054433,3.14758476755452,0,1.48147348579811,0,0.66723333714096,1.66284470381118,3.43361666857048,3.93142235190559
"Serua","Namatakula","Nuku","Namatakula_Nuku",NA,NA,NA,NA,NA,NA,NA,NA,NA,NA,NA,NA,NA,NA,NA,NA,NA
"Serua","Namatakula","Serua","Namatakula_Serua",NA,NA,NA,NA,NA,NA,NA,NA,NA,NA,NA,NA,NA,NA,NA,NA,NA
"Nadroga_Navosa","Namatakula","Baravi","Namatakula_Baravi",NA,NA,NA,NA,NA,NA,NA,NA,NA,NA,NA,NA,NA,NA,NA,NA,NA
"Cakaudrove","Nanuca","Cakaudrove","Nanuca_Cakaudrove",NA,NA,NA,NA,NA,NA,NA,NA,NA,NA,NA,NA,NA,NA,NA,NA,NA
"Cakaudrove","Nanuca","Nasavusavu","Nanuca_Nasavusavu",NA,NA,NA,NA,NA,NA,NA,NA,NA,NA,NA,NA,NA,NA,NA,NA,NA
"Cakaudrove","Naqaiqai","Cakaudrove","Naqaiqai_Cakaudrove",NA,NA,NA,NA,NA,NA,NA,NA,NA,NA,NA,NA,NA,NA,NA,NA,NA
"Cakaudrove","Naqaravutu","Tunuloa","Naqaravutu_Tunuloa",NA,NA,NA,NA,NA,NA,NA,NA,NA,NA,NA,NA,NA,NA,NA,NA,NA
"Ra","Naqele","Nakorotubu","Naqele_Nakorotubu",6.2,5.10926336992959,5.64834127661795,1.47569794623365,0,0,0,0,0.831717061131851,2.51320052214317,0,1.48147348579811,0,0.388183549026626,1.42164113848786,3.29409177451331,3.81082056924393
"Cakaudrove","Narara","Saqani","Narara_Saqani",NA,NA,NA,NA,NA,NA,NA,NA,NA,NA,NA,NA,NA,NA,NA,NA,NA
"Macuata","Narara","Dogotuki","Narara_Dogotuki",5.1,1.51951428314941,0,1.52373429913469,9.99400894968575,0,0.304455680582909,3.7130145446056,0.243129316934978,0.169798233303766,0,10,0.400815815551518,2.06593789449144,2.32237259357905,3.58296894724572,3.71118629678953
"Cakaudrove","Nasagale","Tunuloa","Nasagale_Tunuloa",NA,NA,NA,NA,NA,NA,NA,NA,NA,NA,NA,NA,NA,NA,NA,NA,NA
"Bua","Nasavu","Wainunu","Nasavu_Wainunu",5.7,3.68168154386174,0.800466918989143,7.61945698676957,0,6.16481065735995,0,0,1.40284632710432,0.345074247165198,0,4.60867319863064,4.22483433260892,1.55353237756108,2.40398701770746,3.62676618878054,4.05199350885373
"Cakaudrove","Nasavu","Wailevu","Nasavu_Wailevu",NA,NA,NA,NA,NA,NA,NA,NA,NA,NA,NA,NA,NA,NA,NA,NA,NA
"Cakaudrove","Nasavu River","Saqani","Nasavu River_Saqani",NA,NA,NA,NA,NA,NA,NA,NA,NA,NA,NA,NA,NA,NA,NA,NA,NA
"Macuata","Nasavu River","Dogotuki","Nasavu River_Dogotuki",5.1,0.710040695588635,0,1.28886481337844,7.70937244029013,1.64298507470239,0.304455680582909,1.04311506444033,0.132203529614904,0.149262491170156,0,10,0.400815815551518,2.84980003941517,1.94842630044328,3.97490001970758,3.52421315022164
"Macuata","Nasavu River","Labasa","Nasavu River_Labasa",5.8,0,0,1.23199326089429,10,0,7.78638401276887,6.72992245671155,0,0.057473964708614,3.08376940365086,9.96138700283971,4.10003165611231,2.35348753871564,3.57924681314052,4.07674376935782,4.68962340657026
"Cakaudrove","Nasekawa River","Nasavusavu","Nasekawa River_Nasavusavu",NA,NA,NA,NA,NA,NA,NA,NA,NA,NA,NA,NA,NA,NA,NA,NA,NA
"Cakaudrove","Nasekawa River","Vaturova","Nasekawa River_Vaturova",NA,NA,NA,NA,NA,NA,NA,NA,NA,NA,NA,NA,NA,NA,NA,NA,NA
"Cakaudrove","Nasekawa River","Wailevu","Nasekawa River_Wailevu",NA,NA,NA,NA,NA,NA,NA,NA,NA,NA,NA,NA,NA,NA,NA,NA,NA
"Macuata","Nasekawa River","Labasa","Nasekawa River_Labasa",5.8,0,0,7.26560471396451,0,0,7.78638401276887,0,0,0.267560594583117,3.08376940365086,9.96138700283971,4.10003165611231,2.31146836078407,2.70539478199328,4.05573418039203,4.25269739099664
"Macuata","Nasekawa River","Sasa","Nasekawa River_Sasa",5.3,0,0,10,7.0905367826499,0,1.32874726389997,0,0,0.0225863738772222,0,9.39581244062077,6.63496384840591,1.02754172269823,2.87272055912115,3.16377086134911,4.08636027956057
"Ra","Nasililivatu Creek","Saivou","Nasililivatu Creek_Saivou",5.2,6.10648986909043,5.64834127661795,0.794443853670693,0.0755072609999612,0,2.76888599103494,0,0.5634004621143,2.91465411231965,0,1.9215001422326,0,0.561845851391251,1.73276858067338,2.88092292569563,3.46638429033669
"Ra","Nasinu","Nakorotubu","Nasinu_Nakorotubu",6.2,7.50977408879001,5.64834127661795,2.69514919653593,0.493108254595184,0,0,0,1.46082625903266,3.07607272341909,0,1.48147348579811,0,0.553794805575332,1.86372877373241,3.37689740278767,4.03186438686621
"Rewa","Nasinu","Rewa","Nasinu_Rewa",NA,NA,NA,NA,NA,NA,NA,NA,NA,NA,NA,NA,NA,NA,NA,NA,NA
"Tailevu","Nasinu","Sawakasa","Nasinu_Sawakasa",NA,NA,NA,NA,NA,NA,NA,NA,NA,NA,NA,NA,NA,NA,NA,NA,NA
"Cakaudrove","Nasinu","Saqani","Nasinu_Saqani",NA,NA,NA,NA,NA,NA,NA,NA,NA,NA,NA,NA,NA,NA,NA,NA,NA
"Macuata","Nasinu","Dogotuki","Nasinu_Dogotuki",5.1,5.12245056111971,0,2.59039536569504,0,0,0.304455680582909,0,0.930621241910684,0.243816721160292,0,10,0.400815815551518,1.10706282754225,1.63271294883501,3.10353141377113,3.36635647441751
"Naitasiri","Nasinu","Naitasiri","Nasinu_Naitasiri",NA,NA,NA,NA,NA,NA,NA,NA,NA,NA,NA,NA,NA,NA,NA,NA,NA
"Ba","Nasivi River","Ba","Nasivi River_Ba",5.9,1.44573316596389,10,10,0,0,10,9.76435086792999,0,10,4.25813868504261,4.61986195429721,0,2.348645861723,5.00734038943614,4.1243229308615,5.45367019471807
"Ba","Nasivi River","Tavua","Nasivi River_Tavua",5.8,8.99823817117895,10,3.68359239248426,0.0909349225905193,1.26821835286542,2.63449939534866,4.93230653394165,4.41121932888703,7.5134274796668,0.846438636053693,3.20714757718486,0.0272032057798695,6.14317388789723,3.96776883299848,5.97158694394862,4.88388441649924
"Ra","Nasivi River","Rakiraki","Nasivi River_Rakiraki",5.7,9.36775816665914,5.64834127661795,0.0849769739543536,0,0,5.17225494294155,0,0,8.39622882287705,1.24082625462188,1.15877610866503,0.00811468774318933,0.524146429148972,2.58977310284001,3.11207321457449,4.14488655142001
"Cakaudrove","Nasoni River","Saqani","Nasoni River_Saqani",NA,NA,NA,NA,NA,NA,NA,NA,NA,NA,NA,NA,NA,NA,NA,NA,NA
"Cakaudrove","Nasoni River","Vaturova","Nasoni River_Vaturova",NA,NA,NA,NA,NA,NA,NA,NA,NA,NA,NA,NA,NA,NA,NA,NA,NA
"Cakaudrove","Natewa","Nasavusavu","Natewa_Nasavusavu",NA,NA,NA,NA,NA,NA,NA,NA,NA,NA,NA,NA,NA,NA,NA,NA,NA
"Cakaudrove","Natovatu","Wailevu","Natovatu_Wailevu",NA,NA,NA,NA,NA,NA,NA,NA,NA,NA,NA,NA,NA,NA,NA,NA,NA
"Tailevu","Natovi","Sawakasa","Natovi_Sawakasa",NA,NA,NA,NA,NA,NA,NA,NA,NA,NA,NA,NA,NA,NA,NA,NA,NA
"Cakaudrove","Natua","Wailevu","Natua_Wailevu",NA,NA,NA,NA,NA,NA,NA,NA,NA,NA,NA,NA,NA,NA,NA,NA,NA
"Ba","Natunuku","Ba","Natunuku_Ba",5.9,9.27873153873449,10,1.36101950878701,0,0,10,3.88747695220722e-06,8.31024327712355,9.53183310185423,4.25813868504261,4.61986195429721,0,2.8920924686555,4.77998599610967,4.39604623432775,5.33999299805484
"Ba","Natunuku","Tavua","Natunuku_Tavua",5.8,10,10,0.337641116189087,0,0,2.63449939534866,0,10,7.22196915692238,0.846438636053693,3.20714757718486,0.0272032057798695,1.53119983615198,3.68957492395655,3.66559991807599,4.74478746197827
"Cakaudrove","Natuvu","Saqani","Natuvu_Saqani",NA,NA,NA,NA,NA,NA,NA,NA,NA,NA,NA,NA,NA,NA,NA,NA,NA
"Cakaudrove","Natuvu","Wailevu","Natuvu_Wailevu",NA,NA,NA,NA,NA,NA,NA,NA,NA,NA,NA,NA,NA,NA,NA,NA,NA
"Macuata","Natuvu","Sasa","Natuvu_Sasa",5.3,0.0172023570581756,0,2.87848446793023,2.18091465827675,0,1.32874726389997,0,0,0.0328522516569553,0,9.39581244062077,6.63496384840591,1.0271784506898,1.8724147739874,3.1635892253449,3.5862073869937
"Cakaudrove","Navetau","Saqani","Navetau_Saqani",NA,NA,NA,NA,NA,NA,NA,NA,NA,NA,NA,NA,NA,NA,NA,NA,NA
"Nadroga_Navosa","Navola","Baravi","Navola_Baravi",NA,NA,NA,NA,NA,NA,NA,NA,NA,NA,NA,NA,NA,NA,NA,NA,NA
"Namosi","Navua","Namosi","Navua_Namosi",NA,NA,NA,NA,NA,NA,NA,NA,NA,NA,NA,NA,NA,NA,NA,NA,NA
"Namosi","Navua","Veivatuloa","Navua_Veivatuloa",NA,NA,NA,NA,NA,NA,NA,NA,NA,NA,NA,NA,NA,NA,NA,NA,NA
"Namosi","Navua","Wainikoroiluva","Navua_Wainikoroiluva",NA,NA,NA,NA,NA,NA,NA,NA,NA,NA,NA,NA,NA,NA,NA,NA,NA
"Serua","Navua","Nuku","Navua_Nuku",NA,NA,NA,NA,NA,NA,NA,NA,NA,NA,NA,NA,NA,NA,NA,NA,NA
"Serua","Navua","Serua","Navua_Serua",NA,NA,NA,NA,NA,NA,NA,NA,NA,NA,NA,NA,NA,NA,NA,NA,NA
"Nadroga_Navosa","Navua","Baravi","Navua_Baravi",NA,NA,NA,NA,NA,NA,NA,NA,NA,NA,NA,NA,NA,NA,NA,NA,NA
"Nadroga_Navosa","Navua","Navosa","Navua_Navosa",NA,NA,NA,NA,NA,NA,NA,NA,NA,NA,NA,NA,NA,NA,NA,NA,NA
"Nadroga_Navosa","Navua","Ruwailevu","Navua_Ruwailevu",NA,NA,NA,NA,NA,NA,NA,NA,NA,NA,NA,NA,NA,NA,NA,NA,NA
"Naitasiri","Navua","Waimaro","Navua_Waimaro",NA,NA,NA,NA,NA,NA,NA,NA,NA,NA,NA,NA,NA,NA,NA,NA,NA
"Naitasiri","Navua","Wainimala","Navua_Wainimala",NA,NA,NA,NA,NA,NA,NA,NA,NA,NA,NA,NA,NA,NA,NA,NA,NA
"Ra","Navuniivi","Nakorotubu","Navuniivi_Nakorotubu",6.2,4.93739459289224,5.64834127661795,0.785412470800542,0.228822219434652,0,0,0,0.411335149912645,1.34733847958279,0,1.48147348579811,0,0.687903988851697,1.23667647291991,3.44395199442585,3.71833823645996
"Tailevu","Navunimono","Sawakasa","Navunimono_Sawakasa",NA,NA,NA,NA,NA,NA,NA,NA,NA,NA,NA,NA,NA,NA,NA,NA,NA
"Tailevu","Navunimono","Verata","Navunimono_Verata",NA,NA,NA,NA,NA,NA,NA,NA,NA,NA,NA,NA,NA,NA,NA,NA,NA
"Tailevu","Navunimono","Wainibuka","Navunimono_Wainibuka",NA,NA,NA,NA,NA,NA,NA,NA,NA,NA,NA,NA,NA,NA,NA,NA,NA
"Serua","Navutulevu","Nuku","Navutulevu_Nuku",NA,NA,NA,NA,NA,NA,NA,NA,NA,NA,NA,NA,NA,NA,NA,NA,NA
"Serua","Navutulevu","Serua","Navutulevu_Serua",NA,NA,NA,NA,NA,NA,NA,NA,NA,NA,NA,NA,NA,NA,NA,NA,NA
"Nadroga_Navosa","Navutulevu","Baravi","Navutulevu_Baravi",NA,NA,NA,NA,NA,NA,NA,NA,NA,NA,NA,NA,NA,NA,NA,NA,NA
"Ba","Nawai Creek","Nadi","Nawai Creek_Nadi",5.7,9.57527655934073,10,0.839696992586815,0,0,3.71318483592887,8.5169530083887,10,3.07042173553779,10,NA,0.508058982588129,3.23036703821728,5.111235646761,4.46518351910864,5.4056178233805
"Ba","Nawai Creek","Nawaka","Nawai Creek_Nawaka",5.5,9.89979738270878,10,3.12743459309012,0,0,1.45876203140154,9.99999999999964,0,1.0067329055056,0.879501902155979,NA,NA,1.25347369865663,3.63722288148617,3.37673684932832,4.56861144074308
"Nadroga_Navosa","Nawai Creek","Malomalo","Nawai Creek_Malomalo",NA,NA,NA,NA,NA,NA,NA,NA,NA,NA,NA,NA,NA,NA,NA,NA,NA
"Bua","Nawaido","Wainunu","Nawaido_Wainunu",5.7,4.02049015277878,0.800466918989143,9.09889818296473,0,0,0,0,1.97190185674777,1.29842383489153,0,4.60867319863064,4.22483433260892,0.680633468783522,2.16864070646763,3.19031673439176,3.93432035323381
"Nadroga_Navosa","Nawaqadamu Creek","Baravi","Nawaqadamu Creek_Baravi",NA,NA,NA,NA,NA,NA,NA,NA,NA,NA,NA,NA,NA,NA,NA,NA,NA
"Serua","Nubulotulotu Creek","Serua","Nubulotulotu Creek_Serua",NA,NA,NA,NA,NA,NA,NA,NA,NA,NA,NA,NA,NA,NA,NA,NA,NA
"Cakaudrove","Nukubalavu","Nasavusavu","Nukubalavu_Nasavusavu",NA,NA,NA,NA,NA,NA,NA,NA,NA,NA,NA,NA,NA,NA,NA,NA,NA
"Lomaiviti","Ovalau East","Ovalau","Ovalau East_Ovalau",NA,NA,NA,NA,NA,NA,NA,NA,NA,NA,NA,NA,NA,NA,NA,NA,NA
"Lomaiviti","Ovalau West","Ovalau","Ovalau West_Ovalau",NA,NA,NA,NA,NA,NA,NA,NA,NA,NA,NA,NA,NA,NA,NA,NA,NA
"Ra","Penang River","Rakiraki","Penang River_Rakiraki",5.7,9.27415190806625,5.64834127661795,1.04922732329224,0.006035210195832,0,5.17225494294155,7.02577446386788,5.69239361275526,8.63412768672692,1.24082625462188,1.15877610866503,0.00811468774318933,2.95768221316521,3.74250195629117,4.32884110658261,4.72125097814558
"Ra","Penang River","Saivou","Penang River_Saivou",5.2,8.28084985584344,5.64834127661795,1.14104943508926,0.0343543988659658,4.51590782482908,2.76888599103494,2.62379011901548,1.52054557459002,7.59290277031639,0,1.9215001422326,0,2.31881539794808,3.00401061570293,3.75940769897404,4.10200530785146
"Cakaudrove","Qaloqalo River","Nasavusavu","Qaloqalo River_Nasavusavu",NA,NA,NA,NA,NA,NA,NA,NA,NA,NA,NA,NA,NA,NA,NA,NA,NA
"Macuata","Qaloyago River","Labasa","Qaloyago River_Labasa",5.8,8.79203607841442,0,0.651728430599505,0.0205216714598228,10,7.78638401276887,0.871995736463516,2.9711546512246,3.82558340996614,3.08376940365086,9.96138700283971,4.10003165611231,4.12185988595803,4.33871600445831,4.96092994297901,5.06935800222916
"Macuata","Qaloyago River","Sasa","Qaloyago River_Sasa",5.3,10,0,9.66737895783984,0,0,1.32874726389997,9.05349283847233,0,10,0,9.39581244062077,6.63496384840591,1.02684696668981,4.67336627910324,3.1634234833449,4.98668313955162
"Cakaudrove","Qaranibali","Tunuloa","Qaranibali_Tunuloa",NA,NA,NA,NA,NA,NA,NA,NA,NA,NA,NA,NA,NA,NA,NA,NA,NA
"Serua","Qaraniqio","Nuku","Qaraniqio_Nuku",NA,NA,NA,NA,NA,NA,NA,NA,NA,NA,NA,NA,NA,NA,NA,NA,NA
"Serua","Qaraniqio","Serua","Qaraniqio_Serua",NA,NA,NA,NA,NA,NA,NA,NA,NA,NA,NA,NA,NA,NA,NA,NA,NA
"Cakaudrove","Qaranisisi","Saqani","Qaranisisi_Saqani",NA,NA,NA,NA,NA,NA,NA,NA,NA,NA,NA,NA,NA,NA,NA,NA,NA
"Macuata","Qaranisisi","Dogotuki","Qaranisisi_Dogotuki",5.1,4.10180144473558,0,1.47860610392801,5.25043927489425,0,0.304455680582909,9.99634586901138,0.107589160291254,0.398898976020141,0,10,0.400815815551518,1.42376219711342,2.66991269375125,3.26188109855671,3.88495634687563
"Macuata","Qaranisisi","Labasa","Qaranisisi_Labasa",5.8,5.15433717889151,0,1.13191821826012,1.81457359645625,0,7.78638401276887,9.99999964739296,0.540517535630684,0.842379939300363,3.08376940365086,9.96138700283971,4.10003165611231,3.22146731422601,3.7012748492753,4.51073365711301,4.75063742463765
"Cakaudrove","Qawa River","Vaturova","Qawa River_Vaturova",NA,NA,NA,NA,NA,NA,NA,NA,NA,NA,NA,NA,NA,NA,NA,NA,NA
"Macuata","Qawa River","Labasa","Qawa River_Labasa",5.8,5.57225433475074,0,1.07514269890916,0.29930669002145,10,7.78638401276887,1.19876836081901,7.0658044632723,2.47302768839836,3.08376940365086,9.96138700283971,4.10003165611231,5.42029032925173,4.38465635929523,5.61014516462587,5.09232817964762
"Macuata","Qelewara","Dogotuki","Qelewara_Dogotuki",5.1,5.56668385763614,0,1.99892978873441,0.360815312259851,0,0.304455680582909,9.87470382528812,0.285168153767373,0.578100427036173,0,10,0.400815815551518,1.55516910834045,2.44747273840471,3.32758455417023,3.77373636920235
"Macuata","Qelewara","Labasa","Qelewara_Labasa",5.8,0.770739343482989,0,5.02451248731885,0,0,7.78638401276887,10,0,0.0263104889655006,3.08376940365086,9.96138700283971,4.10003165611231,2.31535641203246,3.39609453292826,4.05767820601623,4.59804726646413
"Tailevu","Qerekuro","Sawakasa","Qerekuro_Sawakasa",NA,NA,NA,NA,NA,NA,NA,NA,NA,NA,NA,NA,NA,NA,NA,NA,NA
"Namosi","Qilai","Veivatuloa","Qilai_Veivatuloa",NA,NA,NA,NA,NA,NA,NA,NA,NA,NA,NA,NA,NA,NA,NA,NA,NA
"Ba","Rabulu","Tavua","Rabulu_Tavua",5.8,9.7517130168402,10,0.519520205823585,0,0,2.63449939534866,0.172205575635948,3.43735385965305,10,0.846438636053693,3.20714757718486,0.0272032057798695,2.36414663424192,3.38300678935999,4.08207331712096,4.59150339467999
"Bua","Raviravi","Vuya","Raviravi_Vuya",5.8,5.60873123792365,0.800466918989143,4.50004331905967,3.9553930126115,10,2.2664008789235,0,0.634714850999224,0.656940942881808,0.163188737762868,1.99758335519723,1.6889860268275,2.5884170178638,2.68937077343134,4.1942085089319,4.24468538671567
"Macuata","Raviravi","Macuata","Raviravi_Macuata",6.1,8.83251094004114,0,2.66692283502208,0.127989962529748,0,4.5588721813233,9.96920425883438,0.690876842405833,1.28050328030436,0.098984602948184,9.87454733069787,6.87827292183037,3.50145871925955,3.74822376299477,4.80072935962977,4.92411188149739
"Macuata","Ravuka","Dogotuki","Ravuka_Dogotuki",5.1,5.42842360342692,0,2.70286815749217,0.967523229054551,0,0.304455680582909,2.44404234181953,0.0801715855624847,0.46633471489185,0,10,0.400815815551518,1.24722816121916,1.89955292736516,3.17361408060958,3.49977646368258
"Namosi","Rewa","Namosi","Rewa_Namosi",NA,NA,NA,NA,NA,NA,NA,NA,NA,NA,NA,NA,NA,NA,NA,NA,NA
"Namosi","Rewa","Veivatuloa","Rewa_Veivatuloa",NA,NA,NA,NA,NA,NA,NA,NA,NA,NA,NA,NA,NA,NA,NA,NA,NA
"Namosi","Rewa","Wainikoroiluva","Rewa_Wainikoroiluva",NA,NA,NA,NA,NA,NA,NA,NA,NA,NA,NA,NA,NA,NA,NA,NA,NA
"Ba","Rewa","Tavua","Rewa_Tavua",5.8,0.791662258745112,10,0.390991280849521,1.65452810804522,0,2.63449939534866,0,0.0971817324956903,0.113988211821188,0.846438636053693,3.20714757718486,0.0272032057798695,1.75789676973992,1.64697003386032,3.77894838486996,3.72348501693016
"Ra","Rewa","Nakorotubu","Rewa_Nakorotubu",6.2,2.85235995575131,5.64834127661795,0.55085302705921,0.584180037350319,4.15369998030734,0,0,0.409522575824715,0.526590649366011,0,1.48147348579811,0,2.4676428932443,1.35058508233958,4.33382144662215,3.77529254116979
"Ra","Rewa","Nalawa","Rewa_Nalawa",5.3,6.13777381772939,5.64834127661795,0.534609448056669,0.865750909662673,0.884182601646018,0,0,0.938531492967279,1.03872641817427,0,2.39740193978022,0,3.22810310391922,1.53710982538621,4.26405155195961,3.4185549126931
"Ra","Rewa","Rakiraki","Rewa_Rakiraki",5.7,5.90425450640134,5.64834127661795,2.06364102717395,0.333780557561032,0,5.17225494294155,0,0.0262845861426888,4.08564645488856,1.24082625462188,1.15877610866503,0.00811468774318933,1.58123501207788,2.13682670022976,3.64061750603894,3.91841335011488
"Ra","Rewa","Saivou","Rewa_Saivou",5.2,4.90405765117533,5.64834127661795,0.704607877676106,0.240743499058549,0,2.76888599103494,0,0.509896347758047,1.35642409326498,0,1.9215001422326,0,2.79728623835425,1.50453807323488,3.99864311917713,3.35226903661744
"Rewa","Rewa","Noco","Rewa_Noco",NA,NA,NA,NA,NA,NA,NA,NA,NA,NA,NA,NA,NA,NA,NA,NA,NA
"Rewa","Rewa","Rewa","Rewa_Rewa",NA,NA,NA,NA,NA,NA,NA,NA,NA,NA,NA,NA,NA,NA,NA,NA,NA
"Rewa","Rewa","Suva","Rewa_Suva",NA,NA,NA,NA,NA,NA,NA,NA,NA,NA,NA,NA,NA,NA,NA,NA,NA
"Tailevu","Rewa","Bau","Rewa_Bau",NA,NA,NA,NA,NA,NA,NA,NA,NA,NA,NA,NA,NA,NA,NA,NA,NA
"Tailevu","Rewa","Nakelo","Rewa_Nakelo",NA,NA,NA,NA,NA,NA,NA,NA,NA,NA,NA,NA,NA,NA,NA,NA,NA
"Tailevu","Rewa","Sawakasa","Rewa_Sawakasa",NA,NA,NA,NA,NA,NA,NA,NA,NA,NA,NA,NA,NA,NA,NA,NA,NA
"Tailevu","Rewa","Verata","Rewa_Verata",NA,NA,NA,NA,NA,NA,NA,NA,NA,NA,NA,NA,NA,NA,NA,NA,NA
"Tailevu","Rewa","Wainibuka","Rewa_Wainibuka",NA,NA,NA,NA,NA,NA,NA,NA,NA,NA,NA,NA,NA,NA,NA,NA,NA
"Nadroga_Navosa","Rewa","Navosa","Rewa_Navosa",NA,NA,NA,NA,NA,NA,NA,NA,NA,NA,NA,NA,NA,NA,NA,NA,NA
"Naitasiri","Rewa","Lomaivuna","Rewa_Lomaivuna",NA,NA,NA,NA,NA,NA,NA,NA,NA,NA,NA,NA,NA,NA,NA,NA,NA
"Naitasiri","Rewa","Matailobau","Rewa_Matailobau",NA,NA,NA,NA,NA,NA,NA,NA,NA,NA,NA,NA,NA,NA,NA,NA,NA
"Naitasiri","Rewa","Naitasiri","Rewa_Naitasiri",NA,NA,NA,NA,NA,NA,NA,NA,NA,NA,NA,NA,NA,NA,NA,NA,NA
"Naitasiri","Rewa","Waimaro","Rewa_Waimaro",NA,NA,NA,NA,NA,NA,NA,NA,NA,NA,NA,NA,NA,NA,NA,NA,NA
"Naitasiri","Rewa","Wainimala","Rewa_Wainimala",NA,NA,NA,NA,NA,NA,NA,NA,NA,NA,NA,NA,NA,NA,NA,NA,NA
"Ra","Rukuruku Creek","Nakorotubu","Rukuruku Creek_Nakorotubu",6.2,4.31972003370367,5.64834127661795,0.933571378636207,0.0634155727822814,4.97528479741713,0,0,0.689054137399407,1.46911913431456,0,1.48147348579811,0,1.06813116817271,1.63166498472244,3.63406558408635,3.91583249236122
"Ra","Rukuruku Creek","Nalawa","Rukuruku Creek_Nalawa",5.3,8.25853057873276,5.64834127661795,1.81861976900238,0,10,0,0,0.395112484220211,2.12939655328597,0,2.39740193978022,0,0.750364969834796,2.55395021680329,3.0251824849174,3.92697510840165
"Ra","Rukuruku Creek","Saivou","Rukuruku Creek_Saivou",5.2,8.90748089463954,5.64834127661795,0.111185485651715,0,0,2.76888599103494,0,0,2.32610876433458,0,1.9215001422326,0,0.427684857924579,1.80695854620928,2.81384242896229,3.50347927310464
"Nadroga_Navosa","Rukurukulevu","Cuvu","Rukurukulevu_Cuvu",NA,NA,NA,NA,NA,NA,NA,NA,NA,NA,NA,NA,NA,NA,NA,NA,NA
"Nadroga_Navosa","Rukurukulevu","Nasigatoka","Rukurukulevu_Nasigatoka",NA,NA,NA,NA,NA,NA,NA,NA,NA,NA,NA,NA,NA,NA,NA,NA,NA
"Ba","Sabeto","Magodro","Sabeto_Magodro",4.7,0.62480625785884,10,0.523385334042117,4.67784282205165,0,1.04685348367206,7.45699145290938,0.2368360487654,2.01975912301431,0,NA,NA,1.66443047358885,2.65864745223138,3.18221523679443,3.67932372611569
"Ba","Sabeto","Nadi","Sabeto_Nadi",5.7,10,10,0,0,0,3.71318483592887,10,10,10,10,NA,0.508058982588129,1.65062312790666,5.83829489259245,3.67531156395333,5.76914744629623
"Ba","Sabeto","Nawaka","Sabeto_Nawaka",5.5,7.00966796018859,10,0.772636038360341,0,0,1.45876203140154,9.9904792564769,0.419203606041549,6.79350722036883,0.879501902155979,NA,NA,1.75360616201844,3.73237580149937,3.62680308100922,4.61618790074969
"Ba","Sabeto","Vuda","Sabeto_Vuda",6.3,5.45438067462809,10,2.29361486454461,1.90892048834633,0,10,7.13788594655802,4.48280927738094,3.46245229947675,10,2.65713984221142,0,4.82762210112928,4.78310028276218,5.56381105056464,5.54155014138109
"Cakaudrove","Salia","Tunuloa","Salia_Tunuloa",NA,NA,NA,NA,NA,NA,NA,NA,NA,NA,NA,NA,NA,NA,NA,NA,NA
"Rewa","Samabula","Suva","Samabula_Suva",NA,NA,NA,NA,NA,NA,NA,NA,NA,NA,NA,NA,NA,NA,NA,NA,NA
"Naitasiri","Samabula","Naitasiri","Samabula_Naitasiri",NA,NA,NA,NA,NA,NA,NA,NA,NA,NA,NA,NA,NA,NA,NA,NA,NA
"Nadroga_Navosa","Sanasana","Cuvu","Sanasana_Cuvu",NA,NA,NA,NA,NA,NA,NA,NA,NA,NA,NA,NA,NA,NA,NA,NA,NA
"Nadroga_Navosa","Sanasana","Malomalo","Sanasana_Malomalo",NA,NA,NA,NA,NA,NA,NA,NA,NA,NA,NA,NA,NA,NA,NA,NA,NA
"Cakaudrove","Saqali","Saqani","Saqali_Saqani",NA,NA,NA,NA,NA,NA,NA,NA,NA,NA,NA,NA,NA,NA,NA,NA,NA
"Bua","Sarowaqa River","Bua","Sarowaqa River_Bua",6.2,2.86189949306353,0.800466918989143,3.06438620916502,5.33760746731944,0,2.18706054510811,9.99999961830153,0.149164164065918,1.15091370908731,0,5.96933933489668,9.78288005361895,4.8973333607225,3.44197645946797,5.54866668036125,4.82098822973398
"Bua","Sarowaqa River","Wainunu","Sarowaqa River_Wainunu",5.7,0.665430969180394,0.800466918989143,10,1.18119374692778,0,0,10,0,0.764465936021298,0,4.60867319863064,4.22483433260892,0.455807635419702,2.68708875852985,3.07790381770985,4.19354437926492
"Macuata","Sarowaqa River","Macuata","Sarowaqa River_Macuata",6.1,0.0254297578050117,0,1.36924163708704,10,0,4.5588721813233,10,0,0.173484143116083,0.098984602948184,9.87454733069787,6.87827292183037,2.38134346421819,3.58156938123399,4.2406717321091,4.84078469061699
"Macuata","Sasa","Labasa","Sasa_Labasa",5.8,10,0,8.00564843357244,0,0,7.78638401276887,3.12185259417158,0,0,3.08376940365086,9.96138700283971,4.10003165611231,2.31064955561962,3.83825609192631,4.05532477780981,4.81912804596316
"Macuata","Sasa","Macuata","Sasa_Macuata",6.1,5.99943642181324,0,2.03230265700516,0,0,4.5588721813233,9.94108085694537,3.93947533101189,7.64106230808725,0.098984602948184,9.87454733069787,6.87827292183037,2.33915497294722,4.24700288430522,4.21957748647361,5.17350144215261
"Macuata","Sasa","Sasa","Sasa_Sasa",5.3,9.12085638481561,0,0.830613078997669,0.240410945548053,0,1.32874726389997,9.94915338635711,1.6088346467534,4.19121605387256,0,9.39581244062077,6.63496384840591,1.54932572364303,3.60838400410592,3.42466286182151,4.45419200205296
"Tailevu","Sawakasa","Sawakasa","Sawakasa_Sawakasa",NA,NA,NA,NA,NA,NA,NA,NA,NA,NA,NA,NA,NA,NA,NA,NA,NA
"Serua","Sigasigalaca","Nuku","Sigasigalaca_Nuku",NA,NA,NA,NA,NA,NA,NA,NA,NA,NA,NA,NA,NA,NA,NA,NA,NA
"Namosi","Sigatoka","Wainikoroiluva","Sigatoka_Wainikoroiluva",NA,NA,NA,NA,NA,NA,NA,NA,NA,NA,NA,NA,NA,NA,NA,NA,NA
"Ba","Sigatoka","Magodro","Sigatoka_Magodro",4.7,2.29227448161058,10,1.24960085255485,1.29200949158854,0,1.04685348367206,0,0.335691577401493,2.12084975863614,0,NA,NA,2.98106706573343,1.83372796454637,3.84053353286672,3.26686398227318
"Ba","Sigatoka","Nawaka","Sigatoka_Nawaka",5.5,4.33353808361501,10,0.859917047229866,2.79369366509347,2.91987187248628,1.45876203140154,0,0.440523369970258,1.87884224843855,0.879501902155979,NA,NA,3.26147477477417,2.5564650220391,4.38073738738708,4.02823251101955
"Ba","Sigatoka","Tavua","Sigatoka_Tavua",5.8,2.50874747355481,10,1.2349045193193,1.77793056396173,0,2.63449939534866,0,0.42672305105207,1.17697072155687,0.846438636053693,3.20714757718486,0.0272032057798695,2.79700327767683,1.98671376198432,4.29850163883841,3.89335688099216
"Ra","Sigatoka","Rakiraki","Sigatoka_Rakiraki",5.7,0.976823845819143,5.64834127661795,0.469360572722638,0,0,5.17225494294155,0,0,0.658527535637052,1.24082625462188,1.15877610866503,0.00811468774318933,0.516576527556743,1.27775210206404,3.10828826377837,3.48887605103202
"Ra","Sigatoka","Saivou","Sigatoka_Saivou",5.2,0,5.64834127661795,0,0,0,2.76888599103494,0,0,0.0266770161174495,0,1.9215001422326,0,0.42464644829254,0.863783702166912,2.81232322414627,3.03189185108346
"Serua","Sigatoka","Serua","Sigatoka_Serua",NA,NA,NA,NA,NA,NA,NA,NA,NA,NA,NA,NA,NA,NA,NA,NA,NA
"Nadroga_Navosa","Sigatoka","Baravi","Sigatoka_Baravi",NA,NA,NA,NA,NA,NA,NA,NA,NA,NA,NA,NA,NA,NA,NA,NA,NA
"Nadroga_Navosa","Sigatoka","Cuvu","Sigatoka_Cuvu",NA,NA,NA,NA,NA,NA,NA,NA,NA,NA,NA,NA,NA,NA,NA,NA,NA
"Nadroga_Navosa","Sigatoka","Nasigatoka","Sigatoka_Nasigatoka",NA,NA,NA,NA,NA,NA,NA,NA,NA,NA,NA,NA,NA,NA,NA,NA,NA
"Nadroga_Navosa","Sigatoka","Navosa","Sigatoka_Navosa",NA,NA,NA,NA,NA,NA,NA,NA,NA,NA,NA,NA,NA,NA,NA,NA,NA
"Nadroga_Navosa","Sigatoka","Ruwailevu","Sigatoka_Ruwailevu",NA,NA,NA,NA,NA,NA,NA,NA,NA,NA,NA,NA,NA,NA,NA,NA,NA
"Naitasiri","Sigatoka","Wainimala","Sigatoka_Wainimala",NA,NA,NA,NA,NA,NA,NA,NA,NA,NA,NA,NA,NA,NA,NA,NA,NA
"Cakaudrove","Solove River","Nasavusavu","Solove River_Nasavusavu",NA,NA,NA,NA,NA,NA,NA,NA,NA,NA,NA,NA,NA,NA,NA,NA,NA
"Cakaudrove","Solove River","Vaturova","Solove River_Vaturova",NA,NA,NA,NA,NA,NA,NA,NA,NA,NA,NA,NA,NA,NA,NA,NA,NA
"Nadroga_Navosa","Sovi","Baravi","Sovi_Baravi",NA,NA,NA,NA,NA,NA,NA,NA,NA,NA,NA,NA,NA,NA,NA,NA,NA
"Nadroga_Navosa","Sovi","Ruwailevu","Sovi_Ruwailevu",NA,NA,NA,NA,NA,NA,NA,NA,NA,NA,NA,NA,NA,NA,NA,NA,NA
"Macuata","Tabia River","Labasa","Tabia River_Labasa",5.8,8.82212797971118,0,0.963006040465211,0,0,7.78638401276887,6.47918232766582,1.22067133916791,3.094044618068,3.08376940365086,9.96138700283971,4.10003165611231,2.48809075302912,3.79255036503749,4.14404537651456,4.79627518251874
"Macuata","Tabia River","Sasa","Tabia River_Sasa",5.3,5.82153782300924,0,0.735799123353896,1.71307514631969,0,1.32874726389997,9.94251409248043,0.756423190358336,2.02403625045651,0,9.39581244062077,6.63496384840591,3.00380818940318,3.19607576490873,4.15190409470159,4.24803788245436
"Cakaudrove","Tacilevu","Nasavusavu","Tacilevu_Nasavusavu",NA,NA,NA,NA,NA,NA,NA,NA,NA,NA,NA,NA,NA,NA,NA,NA,NA
"Nadroga_Navosa","Tamanua","Baravi","Tamanua_Baravi",NA,NA,NA,NA,NA,NA,NA,NA,NA,NA,NA,NA,NA,NA,NA,NA,NA
"Rewa","Tamavua","Suva","Tamavua_Suva",NA,NA,NA,NA,NA,NA,NA,NA,NA,NA,NA,NA,NA,NA,NA,NA,NA
"Naitasiri","Tamavua","Naitasiri","Tamavua_Naitasiri",NA,NA,NA,NA,NA,NA,NA,NA,NA,NA,NA,NA,NA,NA,NA,NA,NA
"Ba","Tamuqali Creek","Ba","Tamuqali Creek_Ba",5.9,9.47775172174493,10,1.02394448258675,0,0,10,0.281018594210828,7.15395053030016,5.15361871457142,4.25813868504261,4.61986195429721,0,2.73670361257019,4.33069039022949,4.31835180628509,5.11534519511475
"Nadroga_Navosa","Tau","Malomalo","Tau_Malomalo",NA,NA,NA,NA,NA,NA,NA,NA,NA,NA,NA,NA,NA,NA,NA,NA,NA
"Serua","Taunovo","Nuku","Taunovo_Nuku",NA,NA,NA,NA,NA,NA,NA,NA,NA,NA,NA,NA,NA,NA,NA,NA,NA
"Ba","Tavarau","Vuda","Tavarau_Vuda",6.3,8.85041379679484,10,1.57272086305059,0,8.29121103605576,10,0,6.46881232079188,6.50542903699761,10,2.65713984221142,0,3.84758257335817,5.36214390799184,5.07379128667908,5.83107195399592
"Bua","Taveti","Bua","Taveti_Bua",6.2,6.54446444412846,0.800466918989143,3.780486009743,0.120287779033197,0,2.18706054510811,9.99998458770447,0.256099025289712,1.45776710297044,0,5.96933933489668,9.78288005361895,2.55936453000471,3.40823631679018,4.37968226500236,4.80411815839509
"Cakaudrove","Taveuni East","Cakaudrove","Taveuni East_Cakaudrove",NA,NA,NA,NA,NA,NA,NA,NA,NA,NA,NA,NA,NA,NA,NA,NA,NA
"Cakaudrove","Taveuni East","Wainikeli","Taveuni East_Wainikeli",NA,NA,NA,NA,NA,NA,NA,NA,NA,NA,NA,NA,NA,NA,NA,NA,NA
"Cakaudrove","Taveuni West","Cakaudrove","Taveuni West_Cakaudrove",NA,NA,NA,NA,NA,NA,NA,NA,NA,NA,NA,NA,NA,NA,NA,NA,NA
"Cakaudrove","Taveuni West","Wainikeli","Taveuni West_Wainikeli",NA,NA,NA,NA,NA,NA,NA,NA,NA,NA,NA,NA,NA,NA,NA,NA,NA
"Cakaudrove","Tawake","Saqani","Tawake_Saqani",NA,NA,NA,NA,NA,NA,NA,NA,NA,NA,NA,NA,NA,NA,NA,NA,NA
"Macuata","Tawake","Dogotuki","Tawake_Dogotuki",5.1,2.66571981802095,0,3.52788836324565,0,0,0.304455680582909,0,0,0.0419889522414816,0,10,0.400815815551518,0.989072492560194,1.41173905247021,3.0445362462801,3.2558695262351
"Ba","Teidamu Creek","Ba","Teidamu Creek_Ba",5.9,2.11827364268097,10,9.34148254683116,0,0,10,0,0,2.23514216580171,4.25813868504261,4.61986195429721,0,2.35322735519097,3.5477415828878,4.12661367759549,4.7238707914439
"Ba","Teidamu Creek","Vuda","Teidamu Creek_Vuda",6.3,6.82023415717561,10,4.1324269793845,0.560010447092528,2.92452861493484,10,0,2.52680294494753,4.23693136038292,10,2.65713984221142,0,4.98884564960409,4.48817286217745,5.64442282480204,5.39408643108872
"Cakaudrove","Tivo","Saqani","Tivo_Saqani",NA,NA,NA,NA,NA,NA,NA,NA,NA,NA,NA,NA,NA,NA,NA,NA,NA
"Rewa","Togalevu","Suva","Togalevu_Suva",NA,NA,NA,NA,NA,NA,NA,NA,NA,NA,NA,NA,NA,NA,NA,NA,NA
"Ra","Togovere","Rakiraki","Togovere_Rakiraki",5.7,9.96649978462487,5.64834127661795,0.275421670244665,0,0,5.17225494294155,0,1.12347440699362,9.62608030242907,1.24082625462188,1.15877610866503,0.00811468774318933,0.946658925730097,2.85164911957349,3.32332946286505,4.27582455978674
"Ra","Togovere","Saivou","Togovere_Saivou",5.2,10,5.64834127661795,0,0,0,2.76888599103494,0,0,10,0,1.9215001422326,0,0.428380093648484,2.52822728415712,2.81419004682424,3.86411364207856
"Ba","Tuva River","Nawaka","Tuva River_Nawaka",5.5,9.95574339500121,10,2.04044463877007,3.3843923965731,0,1.45876203140154,1.67378605727311,0.30073319106232,2.406236084245,0.879501902155979,NA,NA,2.58644213937224,3.20995996964823,4.04322106968612,4.35497998482412
"Nadroga_Navosa","Tuva River","Cuvu","Tuva River_Cuvu",NA,NA,NA,NA,NA,NA,NA,NA,NA,NA,NA,NA,NA,NA,NA,NA,NA
"Nadroga_Navosa","Tuva River","Malomalo","Tuva River_Malomalo",NA,NA,NA,NA,NA,NA,NA,NA,NA,NA,NA,NA,NA,NA,NA,NA,NA
"Nadroga_Navosa","Tuva River","Nasigatoka","Tuva River_Nasigatoka",NA,NA,NA,NA,NA,NA,NA,NA,NA,NA,NA,NA,NA,NA,NA,NA,NA
"Bua","Vaganai","Bua","Vaganai_Bua",6.2,5.43737101422517,0.800466918989143,2.82697802076827,3.76745014214511,0,2.18706054510811,9.99999375846238,0.371394627450475,1.04471513242561,0,5.96933933489668,9.78288005361895,3.44650566655183,3.51563746234083,4.82325283327591,4.85781873117041
"Nadroga_Navosa","Valase","Baravi","Valase_Baravi",NA,NA,NA,NA,NA,NA,NA,NA,NA,NA,NA,NA,NA,NA,NA,NA,NA
"Cakaudrove","Valesavu","Tunuloa","Valesavu_Tunuloa",NA,NA,NA,NA,NA,NA,NA,NA,NA,NA,NA,NA,NA,NA,NA,NA,NA
"Cakaudrove","Vanuakumi","Saqani","Vanuakumi_Saqani",NA,NA,NA,NA,NA,NA,NA,NA,NA,NA,NA,NA,NA,NA,NA,NA,NA
"Macuata","Vanuakumi","Dogotuki","Vanuakumi_Dogotuki",5.1,0,0,0,4.82485762904775,0,0.304455680582909,0,0,0.100833548553926,0,10,0.400815815551518,0.98895716587168,1.30258022281134,3.04447858293584,3.20129011140567
"Bua","Vatubogi","Bua","Vatubogi_Bua",6.2,3.33486629360604,0.800466918989143,4.29473769759814,5.72858428371281,0,2.18706054510811,9.99999638123508,0.235902923491509,0.880089862475887,0,5.96933933489668,9.78288005361895,2.93828016056653,3.60116035789436,4.56914008028327,4.90058017894718
"Cakaudrove","Vatudiriniu","Vaturova","Vatudiriniu_Vaturova",NA,NA,NA,NA,NA,NA,NA,NA,NA,NA,NA,NA,NA,NA,NA,NA,NA
"Nadroga_Navosa","Vatukulelima","Baravi","Vatukulelima_Baravi",NA,NA,NA,NA,NA,NA,NA,NA,NA,NA,NA,NA,NA,NA,NA,NA,NA
"Nadroga_Navosa","Vatulele Island","Vatulele","Vatulele Island_Vatulele",NA,NA,NA,NA,NA,NA,NA,NA,NA,NA,NA,NA,NA,NA,NA,NA,NA
"Ba","Vatutavui","Ba","Vatutavui_Ba",5.9,10,10,0.40192133503477,0,0,10,0,0,5.69318211858506,4.25813868504261,4.61986195429721,0,2.35561140570711,3.7477586744133,4.12780570285356,4.82387933720665
"Ba","Vatutavui","Tavua","Vatutavui_Tavua",5.8,7.9258981511975,10,4.31590347988291,0.074699044927217,0,2.63449939534866,0,1.40088323397825,8.74972149878568,0.846438636053693,3.20714757718486,0.0272032057798695,3.28694674913727,3.26519951859489,4.54347337456863,4.53259975929744
"Rewa","Vatuwaqa","Suva","Vatuwaqa_Suva",NA,NA,NA,NA,NA,NA,NA,NA,NA,NA,NA,NA,NA,NA,NA,NA,NA
"Rewa","Veisari","Suva","Veisari_Suva",NA,NA,NA,NA,NA,NA,NA,NA,NA,NA,NA,NA,NA,NA,NA,NA,NA
"Cakaudrove","Viani","Cakaudrove","Viani_Cakaudrove",NA,NA,NA,NA,NA,NA,NA,NA,NA,NA,NA,NA,NA,NA,NA,NA,NA
"Cakaudrove","Vidawa Creek","Cakaudrove","Vidawa Creek_Cakaudrove",NA,NA,NA,NA,NA,NA,NA,NA,NA,NA,NA,NA,NA,NA,NA,NA,NA
"Ba","Vitogo Creek","Magodro","Vitogo Creek_Magodro",4.7,3.28990036543093,10,2.9211470263928,0,0,1.04685348367206,2.50493448857579,0,4.58057489815224,0,NA,NA,1.10223163664833,2.43434102622238,2.90111581832416,3.56717051311119
"Ba","Vitogo Creek","Vuda","Vitogo Creek_Vuda",6.3,7.13947928088488,10,2.11725967056889,0.90970184814076,0,10,0.00843648896233435,8.65805941377981,5.30844239138684,10,2.65713984221142,0,5.13079196418159,4.73320991132791,5.7153959820908,5.51660495566396
"Bua","Votua River","Bua","Votua River_Bua",6.2,3.9197752732394,0.800466918989143,7.70313625364005,2.01959467629006,1.69746541957958,2.18706054510811,9.85496141017745,0.473737954516974,2.09196296813648,0,5.96933933489668,9.78288005361895,5.40713470063261,3.87503173401607,5.8035673503163,5.03751586700804
"Bua","Votua River","Vuya","Votua River_Vuya",5.8,0,0.800466918989143,10,10,0,2.2664008789235,10,0,0.791408517458674,0.163188737762868,1.99758335519723,1.6889860268275,0.382372438334521,3.14233620292991,3.09118621916726,4.47116810146495
"Bua","Votua River","Wainunu","Votua River_Wainunu",5.7,0.696115447878757,0.800466918989143,10,0,0,0,3.33929322497156,0,0.853549521240009,0,4.60867319863064,4.22483433260892,0.442931315431423,2.04357772035992,3.07146565771571,3.87178886017996
"Nadroga_Navosa","Voua Creek","Cuvu","Voua Creek_Cuvu",NA,NA,NA,NA,NA,NA,NA,NA,NA,NA,NA,NA,NA,NA,NA,NA,NA
"Nadroga_Navosa","Voua Creek","Malomalo","Voua Creek_Malomalo",NA,NA,NA,NA,NA,NA,NA,NA,NA,NA,NA,NA,NA,NA,NA,NA,NA
"Nadroga_Navosa","Voua Creek","Nasigatoka","Voua Creek_Nasigatoka",NA,NA,NA,NA,NA,NA,NA,NA,NA,NA,NA,NA,NA,NA,NA,NA,NA
"Ba","Vuda","Vuda","Vuda_Vuda",6.3,7.01050957429595,10,1.89630832045786,0.20232607799272,0,10,4.15716134025692,5.66786210600297,4.2171982266204,10,2.65713984221142,0,5.11509685407352,4.65070879065319,5.70754842703676,5.47535439532659
"Ra","Vunidogoloa","Rakiraki","Vunidogoloa_Rakiraki",5.7,9.88300129315793,5.64834127661795,0.488783100982024,0,0,5.17225494294155,4.44211170760556,2.45925525717617,8.43845961945718,1.24082625462188,1.15877610866503,0.00811468774318933,1.8028963613824,3.24499368741404,3.7514481806912,4.47249684370702
"Cakaudrove","Vunisavisavi","Cakaudrove","Vunisavisavi_Cakaudrove",NA,NA,NA,NA,NA,NA,NA,NA,NA,NA,NA,NA,NA,NA,NA,NA,NA
"Bua","Vunivau","Bua","Vunivau_Bua",6.2,7.61029511739584,0.800466918989143,4.95228658002176,0.134848998810537,0,2.18706054510811,9.99999901265532,0.254663612367017,2.0508004658742,0,5.96933933489668,9.78288005361895,2.29620689720248,3.64522005331146,4.24810344860124,4.92261002665573
"Bua","Vunivau","Vuya","Vunivau_Vuya",5.8,6.39892542581498,0.800466918989143,9.81170759540147,0,0,2.2664008789235,9.99999766110059,0.841939456621177,0.899811562881999,0.163188737762868,1.99758335519723,1.6889860268275,0.589245715688294,2.90575063496004,3.19462285784415,4.35287531748002
"Cakaudrove","Vunivia River","Saqani","Vunivia River_Saqani",NA,NA,NA,NA,NA,NA,NA,NA,NA,NA,NA,NA,NA,NA,NA,NA,NA
"Macuata","Vunivia River","Dogotuki","Vunivia River_Dogotuki",5.1,0.970466053079602,0,1.2981519535124,7.73663147384372,0,0.304455680582909,0,0.124648301551407,0.135157499089293,0,10,0.400815815551518,2.02991001715523,1.74752723143424,3.56495500857762,3.42376361571712
"Macuata","Vunivutu","Labasa","Vunivutu_Labasa",5.8,8.46346368825346,0,0.937763791415719,0,0,7.78638401276887,0.559701966919649,0.981117043745875,3.34924662355897,3.08376940365086,9.96138700283971,4.10003165611231,3.07748053125602,3.26857209910545,4.43874026562801,4.53428604955273
"Nadroga_Navosa","Vusu","Baravi","Vusu_Baravi",NA,NA,NA,NA,NA,NA,NA,NA,NA,NA,NA,NA,NA,NA,NA,NA,NA
"Tailevu","Waibula River","Sawakasa","Waibula River_Sawakasa",NA,NA,NA,NA,NA,NA,NA,NA,NA,NA,NA,NA,NA,NA,NA,NA,NA
"Tailevu","Waibula River","Verata","Waibula River_Verata",NA,NA,NA,NA,NA,NA,NA,NA,NA,NA,NA,NA,NA,NA,NA,NA,NA
"Tailevu","Waibula River","Wainibuka","Waibula River_Wainibuka",NA,NA,NA,NA,NA,NA,NA,NA,NA,NA,NA,NA,NA,NA,NA,NA,NA
"Cakaudrove","Waibula River","Cakaudrove","Waibula River_Cakaudrove",NA,NA,NA,NA,NA,NA,NA,NA,NA,NA,NA,NA,NA,NA,NA,NA,NA
"Cakaudrove","Waibula River","Wainikeli","Waibula River_Wainikeli",NA,NA,NA,NA,NA,NA,NA,NA,NA,NA,NA,NA,NA,NA,NA,NA,NA
"Cakaudrove","Waikotoavou Creek","Wailevu","Waikotoavou Creek_Wailevu",NA,NA,NA,NA,NA,NA,NA,NA,NA,NA,NA,NA,NA,NA,NA,NA,NA
"Macuata","Waikotoavou Creek","Sasa","Waikotoavou Creek_Sasa",5.3,0,0,0,10,0,1.32874726389997,0,0,0.458787055287189,0,9.39581244062077,6.63496384840591,1.02707134887016,2.31819255068449,3.16353567443508,3.80909627534224
"Cakaudrove","Wailevu","Vaturova","Wailevu_Vaturova",NA,NA,NA,NA,NA,NA,NA,NA,NA,NA,NA,NA,NA,NA,NA,NA,NA
"Cakaudrove","Wailevu","Wailevu","Wailevu_Wailevu",NA,NA,NA,NA,NA,NA,NA,NA,NA,NA,NA,NA,NA,NA,NA,NA,NA
"Macuata","Wailevu","Labasa","Wailevu_Labasa",5.8,8.33982695894743,0,0.76899363820054,0.558683514125567,10,7.78638401276887,0.0171912348416419,2.9869235411405,2.95681956325632,3.08376940365086,9.96138700283971,4.10003165611231,5.54994502712444,4.21333421049031,5.67497251356222,5.00666710524516
"Ba","Wainacibayawa Creek","Ba","Wainacibayawa Creek_Ba",5.9,2.53145691876233,10,10,0,0,10,5.60120245554923,0,2.48300549267172,4.25813868504261,4.61986195429721,0,2.34843035331256,4.12447212552692,4.12421517665628,5.01223606276346
"Ba","Wainacibayawa Creek","Tavua","Wainacibayawa Creek_Tavua",5.8,8.75453520199873,10,3.68088543964114,0,0,2.63449939534866,2.1923024523528,4.0336517480516,8.80019588231818,0.846438636053693,3.20714757718486,0.0272032057798695,2.49923701285141,3.68140496156079,4.14961850642571,4.7407024807804
"Namosi","Wainadoi","Veivatuloa","Wainadoi_Veivatuloa",NA,NA,NA,NA,NA,NA,NA,NA,NA,NA,NA,NA,NA,NA,NA,NA,NA
"Rewa","Wainadoi","Suva","Wainadoi_Suva",NA,NA,NA,NA,NA,NA,NA,NA,NA,NA,NA,NA,NA,NA,NA,NA,NA
"Cakaudrove","Wainikoro River","Saqani","Wainikoro River_Saqani",NA,NA,NA,NA,NA,NA,NA,NA,NA,NA,NA,NA,NA,NA,NA,NA,NA
"Cakaudrove","Wainikoro River","Vaturova","Wainikoro River_Vaturova",NA,NA,NA,NA,NA,NA,NA,NA,NA,NA,NA,NA,NA,NA,NA,NA,NA
"Macuata","Wainikoro River","Labasa","Wainikoro River_Labasa",5.8,6.45656433054447,0,0.875076987476099,1.03661978156459,2.11499194311154,7.78638401276887,9.43383399453314,0.543705196943825,1.69117352591183,3.08376940365086,9.96138700283971,4.10003165611231,5.02894318090577,3.92362815295477,5.41447159045289,4.86181407647739
"Cakaudrove","Wainivatu","Cakaudrove","Wainivatu_Cakaudrove",NA,NA,NA,NA,NA,NA,NA,NA,NA,NA,NA,NA,NA,NA,NA,NA,NA
"Cakaudrove","Wainivatu","Nasavusavu","Wainivatu_Nasavusavu",NA,NA,NA,NA,NA,NA,NA,NA,NA,NA,NA,NA,NA,NA,NA,NA,NA
"Cakaudrove","Wainivatu","Tunuloa","Wainivatu_Tunuloa",NA,NA,NA,NA,NA,NA,NA,NA,NA,NA,NA,NA,NA,NA,NA,NA,NA
"Serua","Wainiyabia","Nuku","Wainiyabia_Nuku",NA,NA,NA,NA,NA,NA,NA,NA,NA,NA,NA,NA,NA,NA,NA,NA,NA
"Bua","Wainunu River","Bua","Wainunu River_Bua",6.2,0.196104812184154,0.800466918989143,1.57639681072439,1.78367901866566,0,2.18706054510811,7.40560357300219,0,0.156525471866451,0,5.96933933489668,9.78288005361895,1.69710146973414,2.48817137825464,3.94855073486707,4.34408568912732
"Bua","Wainunu River","Vuya","Wainunu River_Vuya",5.8,0.184926088337604,0.800466918989143,0.587786935006409,7.47427416357012,0,2.2664008789235,9.95964705819925,0,0.0218174975889961,0.163188737762868,1.99758335519723,1.6889860268275,0.438860614164151,2.09542313836688,3.11943030708208,3.94771156918344
"Bua","Wainunu River","Wainunu","Wainunu River_Wainunu",5.7,1.07895805046112,0.800466918989143,2.50160215913199,3.55293536883183,0,0,6.8527660644515,0.196943239249718,0.269063692260169,0,4.60867319863064,4.22483433260892,3.12120471731029,2.00718691871792,4.41060235865514,3.85359345935896
"Cakaudrove","Wainunu River","Wailevu","Wainunu River_Wailevu",NA,NA,NA,NA,NA,NA,NA,NA,NA,NA,NA,NA,NA,NA,NA,NA,NA
"Macuata","Wainunu River","Macuata","Wainunu River_Macuata",6.1,0.139985712847758,0,1.60045410060829,4.69936301989967,0,4.5588721813233,1.17316751289695,0.0110392970511553,0.193877494422758,0.098984602948184,9.87454733069787,6.87827292183037,2.71165638810081,2.43571368121053,4.40582819405041,4.26785684060526
"Bua","Wairiki","Vuya","Wairiki_Vuya",5.8,2.85854416726014,0.800466918989143,4.15713965912449,3.41983258409746,0,2.2664008789235,0.815892096084658,0.54264709347308,0.551754610574338,0.163188737762868,1.99758335519723,1.6889860268275,1.72673659618395,1.60520301069287,3.76336829809198,3.70260150534643
"Bua","Wairiki","Wainunu","Wairiki_Wainunu",5.7,2.21413872650571,0.800466918989143,3.60311078625011,3.27112537726076,0,0,0,0,0.825407465360087,0,4.60867319863064,4.22483433260892,0.460660717189722,1.62897973380045,3.08033035859486,3.66448986690022
"Ba","Waisai Creek","Tavua","Waisai Creek_Tavua",5.8,10,10,0.49308556486225,0,0,2.63449939534866,0.0169318164949951,0,10,0.846438636053693,3.20714757718486,0.0272032057798695,2.07307562100687,3.10210884964369,3.93653781050343,4.45105442482185
"Rewa","Waivudawa","Suva","Waivudawa_Suva",NA,NA,NA,NA,NA,NA,NA,NA,NA,NA,NA,NA,NA,NA,NA,NA,NA
"Serua","Waivunu","Nuku","Waivunu_Nuku",NA,NA,NA,NA,NA,NA,NA,NA,NA,NA,NA,NA,NA,NA,NA,NA,NA
"Serua","Waivunu","Serua","Waivunu_Serua",NA,NA,NA,NA,NA,NA,NA,NA,NA,NA,NA,NA,NA,NA,NA,NA,NA
"Bua","Yadua taba","Vuya","Yadua taba_Vuya",5.8,8.19333440846582,0.800466918989143,4.72402196642982,0,0,2.2664008789235,0,0.390870267299961,2.29395717566944,0.163188737762868,1.99758335519723,1.6889860268275,0.609524233176271,1.87656747796377,3.20476211658814,3.83828373898189
"Ba","Yako","Nadi","Yako_Nadi",5.7,9.94909559309651,10,0,0,0,3.71318483592887,10,7.06199983911459,1.13611550555275,10,NA,0.508058982588129,1.65216020430973,4.76076861420735,3.67608010215487,5.23038430710367
"Nadroga_Navosa","Yako","Malomalo","Yako_Malomalo",NA,NA,NA,NA,NA,NA,NA,NA,NA,NA,NA,NA,NA,NA,NA,NA,NA
"Bua","Yanawai River","Vuya","Yanawai River_Vuya",5.8,1.56866179077291,0.800466918989143,0.957206224126082,7.02961075581475,0,2.2664008789235,0.208664322961509,0,0.163162462787592,0.163188737762868,1.99758335519723,1.6889860268275,0.41021815612935,1.40366095618026,3.10510907806467,3.60183047809013
"Bua","Yanawai River","Wainunu","Yanawai River_Wainunu",5.7,2.02237504660602,0.800466918989143,1.25599791597258,10,0,0,9.32677594900625,0,0.00817343944217409,0,4.60867319863064,4.22483433260892,0.456773267073214,2.68727473343798,3.07838663353661,4.19363736671899
"Cakaudrove","Yanawai River","Wailevu","Yanawai River_Wailevu",NA,NA,NA,NA,NA,NA,NA,NA,NA,NA,NA,NA,NA,NA,NA,NA,NA
"Macuata","Yanawai River","Macuata","Yanawai River_Macuata",6.1,0.145761024727763,0,1.55964673421416,10,0,4.5588721813233,0,0,0.138925365566907,0.098984602948184,9.87454733069787,6.87827292183037,2.72929154795711,2.77125084677571,4.41464577397855,4.43562542338786
"Macuata","Yanucari Creek","Labasa","Yanucari Creek_Labasa",5.8,7.65467114601107,0,0.783087112308616,0,0,7.78638401276887,0.487821238364898,1.45470240096761,0.783857691863844,3.08376940365086,9.96138700283971,4.10003165611231,2.42714264431858,3.00797597207398,4.11357132215929,4.40398798603699
"Macuata","Yanucari Creek","Macuata","Yanucari Creek_Macuata",6.1,7.78824385611539,0,0.482070613374716,0,0,4.5588721813233,6.00080726717311,1.99321209573135,4.21744308491525,0.098984602948184,9.87454733069787,6.87827292183037,2.40152022597713,3.49103782950913,4.25076011298856,4.79551891475456
"Bua","Yaqaga","Bua","Yaqaga_Bua",6.2,8.27202744003878,0.800466918989143,2.88081604622995,0,0,2.18706054510811,0,0.494380023051562,2.34528573597457,0,5.96933933489668,9.78288005361895,1.75712381808848,2.72768800815898,3.97856190904424,4.46384400407949
"Ba","Yaqara River","Tavua","Yaqara River_Tavua",5.8,9.98657594920582,10,0.74120197314351,0,0,2.63449939534866,0,0.00286849021585763,10,0.846438636053693,3.20714757718486,0.0272032057798695,2.23951715501408,3.12049460224436,4.01975857750704,4.46024730112218
"Ra","Yaqara River","Rakiraki","Yaqara River_Rakiraki",5.7,9.54102469891301,5.64834127661795,0.979937688324734,0.0917722288934027,0,5.17225494294155,0,0.400966327965688,9.527340078262,1.24082625462188,1.15877610866503,0.00811468774318933,2.24682496490429,2.8141128577457,3.97341248245214,4.25705642887285
"Ra","Yaqara River","Saivou","Yaqara River_Saivou",5.2,9.9757638640328,5.64834127661795,0,0,0,2.76888599103494,0,0,0.0183389711950167,0,1.9215001422326,0,0.424846228359855,1.69440252042611,2.81242311417993,3.44720126021305
"Serua","Yarawa","Nuku","Yarawa_Nuku",NA,NA,NA,NA,NA,NA,NA,NA,NA,NA,NA,NA,NA,NA,NA,NA,NA
"Serua","Yarawa","Serua","Yarawa_Serua",NA,NA,NA,NA,NA,NA,NA,NA,NA,NA,NA,NA,NA,NA,NA,NA,NA
"Lomaiviti","Waiboteigau Creek","Gau","Waiboteigau Creek_Gau",NA,NA,NA,NA,NA,NA,NA,NA,NA,NA,NA,NA,NA,NA,NA,NA,NA
"Lomaiviti","Wakaya","LomaiOther","Wakaya_LomaiOther",NA,NA,NA,NA,NA,NA,NA,NA,NA,NA,NA,NA,NA,NA,NA,NA,NA
"Lomaiviti","Koro East","Koro","Koro East_Koro",NA,NA,NA,NA,NA,NA,NA,NA,NA,NA,NA,NA,NA,NA,NA,NA,NA
"Lomaiviti","Batiki Island","Batiki","Batiki Island_Batiki",NA,NA,NA,NA,NA,NA,NA,NA,NA,NA,NA,NA,NA,NA,NA,NA,NA
"Cakaudrove","Kaibu Island","Cakaudrove","Kaibu Island_Cakaudrove",NA,NA,NA,NA,NA,NA,NA,NA,NA,NA,NA,NA,NA,NA,NA,NA,NA
"Lau","Vanuavatu Island","Totoya","Vanuavatu Island_Totoya",NA,NA,NA,NA,NA,NA,NA,NA,NA,NA,NA,NA,NA,NA,NA,NA,NA
"Lau","Lakeba East","Lakeba","Lakeba East_Lakeba",NA,NA,NA,NA,NA,NA,NA,NA,NA,NA,NA,NA,NA,NA,NA,NA,NA
"Lau","Lakeba North","Lakeba","Lakeba North_Lakeba",NA,NA,NA,NA,NA,NA,NA,NA,NA,NA,NA,NA,NA,NA,NA,NA,NA
"Lau","Lakeba West","Lakeba","Lakeba West_Lakeba",NA,NA,NA,NA,NA,NA,NA,NA,NA,NA,NA,NA,NA,NA,NA,NA,NA
"Lau","Oneata Island","Oneata","Oneata Island_Oneata",NA,NA,NA,NA,NA,NA,NA,NA,NA,NA,NA,NA,NA,NA,NA,NA,NA
"Lau","Moce East","Moce","Moce East_Moce",NA,NA,NA,NA,NA,NA,NA,NA,NA,NA,NA,NA,NA,NA,NA,NA,NA
"Lau","Moce West","Moce","Moce West_Moce",NA,NA,NA,NA,NA,NA,NA,NA,NA,NA,NA,NA,NA,NA,NA,NA,NA
"Lau","Kabara Island","Kabara","Kabara Island_Kabara",NA,NA,NA,NA,NA,NA,NA,NA,NA,NA,NA,NA,NA,NA,NA,NA,NA
"Lau","Vuaqava Island","Kabara","Vuaqava Island_Kabara",NA,NA,NA,NA,NA,NA,NA,NA,NA,NA,NA,NA,NA,NA,NA,NA,NA
"Lau","Marabo Island","Kabara","Marabo Island_Kabara",NA,NA,NA,NA,NA,NA,NA,NA,NA,NA,NA,NA,NA,NA,NA,NA,NA
"Lau","Totoya North","Totoya","Totoya North_Totoya",NA,NA,NA,NA,NA,NA,NA,NA,NA,NA,NA,NA,NA,NA,NA,NA,NA
"Lau","Totoya South","Totoya","Totoya South_Totoya",NA,NA,NA,NA,NA,NA,NA,NA,NA,NA,NA,NA,NA,NA,NA,NA,NA
"Lau","Matuku East","Matuku","Matuku East_Matuku",NA,NA,NA,NA,NA,NA,NA,NA,NA,NA,NA,NA,NA,NA,NA,NA,NA
"Lau","Matuku West","Matuku","Matuku West_Matuku",NA,NA,NA,NA,NA,NA,NA,NA,NA,NA,NA,NA,NA,NA,NA,NA,NA
"Lau","Moala East","Moala","Moala East_Moala",NA,NA,NA,NA,NA,NA,NA,NA,NA,NA,NA,NA,NA,NA,NA,NA,NA
"Lau","Moala West","Moala","Moala West_Moala",NA,NA,NA,NA,NA,NA,NA,NA,NA,NA,NA,NA,NA,NA,NA,NA,NA
"Lau","Tuvuca Island","Lomaloma","Tuvuca Island_Lomaloma",NA,NA,NA,NA,NA,NA,NA,NA,NA,NA,NA,NA,NA,NA,NA,NA,NA
"Lau","Avea Island","Mualevu","Avea Island_Mualevu",NA,NA,NA,NA,NA,NA,NA,NA,NA,NA,NA,NA,NA,NA,NA,NA,NA
"Cakaudrove","Yacata North","Cakaudrove","Yacata North_Cakaudrove",NA,NA,NA,NA,NA,NA,NA,NA,NA,NA,NA,NA,NA,NA,NA,NA,NA
"Cakaudrove","Yacata South","Cakaudrove","Yacata South_Cakaudrove",NA,NA,NA,NA,NA,NA,NA,NA,NA,NA,NA,NA,NA,NA,NA,NA,NA
"Macuata","Macuata-i-Wai","Macuata","Macuata-i-Wai_Macuata",6.1,8.03605352656994,0,0.843848705263874,0,0,4.5588721813233,0,0.260291933817442,0,0.098984602948184,9.87454733069787,6.87827292183037,2.22267088846492,2.54590593353758,4.16133544423246,4.32295296676879
"Nadroga_Navosa","Malolo Lailai","Malolo","Malolo Lailai_Malolo",NA,NA,NA,NA,NA,NA,NA,NA,NA,NA,NA,NA,NA,NA,NA,NA,NA
"Ba","Tavewa","Yasawa","Tavewa_Yasawa",6.5,6.17555106881393,10,0,0,0,0,0,2.31000089765431,0,0,0,0,0.848478351384283,1.54046266387235,3.67423917569214,4.02023133193618
"Ba","Matacawa Levu","Yasawa","Matacawa Levu_Yasawa",6.5,3.73610729689039,10,0,0,0,0,0,1.0749782080569,0,0,0,0,0.884113439594342,1.23425712541227,3.69205671979717,3.86712856270614
"Ba","Nanuya Levu","Yasawa","Nanuya Levu_Yasawa",6.5,0.570732758943743,10,0,0,0,0,0,1.03916275224999,0,0,0,0,0.836650510064096,0.967491292599478,3.66832525503205,3.73374564629974
"Ba","Yaqeta","Yasawa","Yaqeta_Yasawa",6.5,4.21483728764117,10,0,0,0,0,0,1.20844848921275,0,0,0,0,0.876910011348559,1.28527381473783,3.68845500567428,3.89263690736891
"Serua","Yanuca","Serua","Yanuca_Serua",NA,NA,NA,NA,NA,NA,NA,NA,NA,NA,NA,NA,NA,NA,NA,NA,NA
"Rotuma","Rotuma Island","Itumuta","Rotuma Island_Itumuta",NA,NA,NA,NA,NA,NA,NA,NA,NA,NA,NA,NA,NA,NA,NA,NA,NA
"Rotuma","Rotuma Island","Itutiu","Rotuma Island_Itutiu",NA,NA,NA,NA,NA,NA,NA,NA,NA,NA,NA,NA,NA,NA,NA,NA,NA
"Rotuma","Rotuma Island","Juju","Rotuma Island_Juju",NA,NA,NA,NA,NA,NA,NA,NA,NA,NA,NA,NA,NA,NA,NA,NA,NA
"Rotuma","Rotuma Island","Malhaha","Rotuma Island_Malhaha",NA,NA,NA,NA,NA,NA,NA,NA,NA,NA,NA,NA,NA,NA,NA,NA,NA
"Rotuma","Rotuma Island","Noatau","Rotuma Island_Noatau",NA,NA,NA,NA,NA,NA,NA,NA,NA,NA,NA,NA,NA,NA,NA,NA,NA
"Rotuma","Rotuma Island","Oinafa","Rotuma Island_Oinafa",NA,NA,NA,NA,NA,NA,NA,NA,NA,NA,NA,NA,NA,NA,NA,NA,NA
"Rotuma","Rotuma Island","Pepjei","Rotuma Island_Pepjei",NA,NA,NA,NA,NA,NA,NA,NA,NA,NA,NA,NA,NA,NA,NA,NA,NA
"Macuata","Cikobia Island","Cikobia","Cikobia Island_Cikobia",6,0,0,0,0,0,0,0,0,0,0,NA,NA,0.151549733499155,0,3.07577486674958,3
"Kadavu","Vurosewa Island","Nakasaleka","Vurosewa Island_Nakasaleka",NA,NA,NA,NA,NA,NA,NA,NA,NA,NA,NA,NA,NA,NA,NA,NA,NA
"Ra","Nananu-i-Ra Island","Rakiraki","Nananu-i-Ra Island_Rakiraki",5.7,7.2152704553726,5.64834127661795,0.581019743334004,0,0,5.17225494294155,0,1.98354600549263,0,1.24082625462188,1.15877610866503,0.00811468774318933,0.547287804145442,1.91734578956574,3.12364390207272,3.80867289478287
"Ra","Nananu- i-Cake Island","Rakiraki","Nananu- i-Cake Island_Rakiraki",5.7,5.81180648658856,5.64834127661795,0.284300496273098,0,0,5.17225494294155,0,0,0,1.24082625462188,1.15877610866503,0.00811468774318933,0.529349002902184,1.61036835445427,3.11467450145109,3.65518417722714
"Tailevu","Naigani Island","Sawakasa","Naigani Island_Sawakasa",NA,NA,NA,NA,NA,NA,NA,NA,NA,NA,NA,NA,NA,NA,NA,NA,NA
"Lau","Mago Island","LauOther","Mago Island_LauOther",NA,NA,NA,NA,NA,NA,NA,NA,NA,NA,NA,NA,NA,NA,NA,NA,NA
"Lau","Munia Island","Lomaloma","Munia Island_Lomaloma",NA,NA,NA,NA,NA,NA,NA,NA,NA,NA,NA,NA,NA,NA,NA,NA,NA
"Lau","Susui Island","Lomaloma","Susui Island_Lomaloma",NA,NA,NA,NA,NA,NA,NA,NA,NA,NA,NA,NA,NA,NA,NA,NA,NA
"Lau","Kanacea Island","LauOther","Kanacea Island_LauOther",NA,NA,NA,NA,NA,NA,NA,NA,NA,NA,NA,NA,NA,NA,NA,NA,NA
"Lau","Nayau Island","Nayau","Nayau Island_Nayau",NA,NA,NA,NA,NA,NA,NA,NA,NA,NA,NA,NA,NA,NA,NA,NA,NA
"Lau","Namuka-i-Lau  Island","Kabara","Namuka-i-Lau  Island_Kabara",NA,NA,NA,NA,NA,NA,NA,NA,NA,NA,NA,NA,NA,NA,NA,NA,NA
"Lau","Komo","Kabara","Komo_Kabara",NA,NA,NA,NA,NA,NA,NA,NA,NA,NA,NA,NA,NA,NA,NA,NA,NA
"Lau","Vatuvara","LauOther","Vatuvara_LauOther",NA,NA,NA,NA,NA,NA,NA,NA,NA,NA,NA,NA,NA,NA,NA,NA,NA
"Cakaudrove","Rabi Island","Rabi","Rabi Island_Rabi",NA,NA,NA,NA,NA,NA,NA,NA,NA,NA,NA,NA,NA,NA,NA,NA,NA
"Macuata","Kia","Macuata","Kia_Macuata",6.1,3.34158978312134,0,1.64033310218443,0,0,4.5588721813233,0,4.92746532382769,0,0.098984602948184,9.87454733069787,6.87827292183037,2.21760936041533,2.6100054371611,4.15880468020766,4.35500271858055
"Ba","Nacula Island","Yasawa","Nacula Island_Yasawa",6.5,7.61002954641317,10,0,0,0,0,0,1.76914347031583,0,0,0,0,1.04917065727776,1.61493108472742,3.77458532863888,4.05746554236371
"Lomaiviti","Makogai","LomaiOther","Makogai_LomaiOther",NA,NA,NA,NA,NA,NA,NA,NA,NA,NA,NA,NA,NA,NA,NA,NA,NA
"Lomaiviti","Koro West","Koro","Koro West_Koro",NA,NA,NA,NA,NA,NA,NA,NA,NA,NA,NA,NA,NA,NA,NA,NA,NA
"Lomaiviti","Gau North","Gau","Gau North_Gau",NA,NA,NA,NA,NA,NA,NA,NA,NA,NA,NA,NA,NA,NA,NA,NA,NA
"Lomaiviti","Gau South East","Gau","Gau South East_Gau",NA,NA,NA,NA,NA,NA,NA,NA,NA,NA,NA,NA,NA,NA,NA,NA,NA
"Lomaiviti","Gau West","Gau","Gau West_Gau",NA,NA,NA,NA,NA,NA,NA,NA,NA,NA,NA,NA,NA,NA,NA,NA,NA
"Lau","Cicia","Cicia","Cicia_Cicia",NA,NA,NA,NA,NA,NA,NA,NA,NA,NA,NA,NA,NA,NA,NA,NA,NA
"Ba","Waya","Naviti","Waya_Naviti",6.3,6.67657068134059,10,0,0,0,0,0,1.44412663880345,0,0,0.202488020906673,0,1.04256275052152,1.52693211175423,3.67128137526076,3.91346605587711
"Ba","Wayasewa","Vuda","Wayasewa_Vuda",6.3,7.87818398136481,10,0,0,0,10,0,1.04070931252742,0,10,2.65713984221142,0,2.5628774203081,3.46466942800864,4.43143871015405,4.88233471400432
"Ba","Kuata","Vuda","Kuata_Vuda",6.3,4.32918504536425,10,0,0,0,10,0,0.71698632476726,0,10,2.65713984221142,0,2.51225771859817,3.14194260102858,4.40612885929908,4.72097130051429
"Nadroga_Navosa","Mana","Malolo","Mana_Malolo",NA,NA,NA,NA,NA,NA,NA,NA,NA,NA,NA,NA,NA,NA,NA,NA,NA
"Nadroga_Navosa","Tavua","Malolo","Tavua_Malolo",NA,NA,NA,NA,NA,NA,NA,NA,NA,NA,NA,NA,NA,NA,NA,NA,NA
"Lau","Vatoa","Ono","Vatoa_Ono",NA,NA,NA,NA,NA,NA,NA,NA,NA,NA,NA,NA,NA,NA,NA,NA,NA
"Lau","Vulaga Island","Vulaga","Vulaga Island_Vulaga",NA,NA,NA,NA,NA,NA,NA,NA,NA,NA,NA,NA,NA,NA,NA,NA,NA
"Lau","Cikobia-I-Lau","Mualevu","Cikobia-I-Lau_Mualevu",NA,NA,NA,NA,NA,NA,NA,NA,NA,NA,NA,NA,NA,NA,NA,NA,NA
"Lau","Vanuabalavu East","Lomaloma","Vanuabalavu East_Lomaloma",NA,NA,NA,NA,NA,NA,NA,NA,NA,NA,NA,NA,NA,NA,NA,NA,NA
"Lau","Vanuabalavu East","Mualevu","Vanuabalavu East_Mualevu",NA,NA,NA,NA,NA,NA,NA,NA,NA,NA,NA,NA,NA,NA,NA,NA,NA
"Lau","Ogea Driki Island","Vulaga","Ogea Driki Island_Vulaga",NA,NA,NA,NA,NA,NA,NA,NA,NA,NA,NA,NA,NA,NA,NA,NA,NA
"Lau","Ogea Levu Island","Vulaga","Ogea Levu Island_Vulaga",NA,NA,NA,NA,NA,NA,NA,NA,NA,NA,NA,NA,NA,NA,NA,NA,NA
"Kadavu","Bulia","Nakasaleka","Bulia_Nakasaleka",NA,NA,NA,NA,NA,NA,NA,NA,NA,NA,NA,NA,NA,NA,NA,NA,NA
"Lau","Ono-i-Lau","Ono","Ono-i-Lau_Ono",NA,NA,NA,NA,NA,NA,NA,NA,NA,NA,NA,NA,NA,NA,NA,NA,NA
"Cakaudrove","Qamea","Wainikeli","Qamea_Wainikeli",NA,NA,NA,NA,NA,NA,NA,NA,NA,NA,NA,NA,NA,NA,NA,NA,NA
"Cakaudrove","Laucala","Wainikeli","Laucala_Wainikeli",NA,NA,NA,NA,NA,NA,NA,NA,NA,NA,NA,NA,NA,NA,NA,NA,NA
"Kadavu","Kadavu West","Nabukelevu","Kadavu West_Nabukelevu",NA,NA,NA,NA,NA,NA,NA,NA,NA,NA,NA,NA,NA,NA,NA,NA,NA
"Kadavu","Kadavu West","Tavuki","Kadavu West_Tavuki",NA,NA,NA,NA,NA,NA,NA,NA,NA,NA,NA,NA,NA,NA,NA,NA,NA
"Kadavu","Kadavu Central","Naceva","Kadavu Central_Naceva",NA,NA,NA,NA,NA,NA,NA,NA,NA,NA,NA,NA,NA,NA,NA,NA,NA
"Kadavu","Kadavu Central","Tavuki","Kadavu Central_Tavuki",NA,NA,NA,NA,NA,NA,NA,NA,NA,NA,NA,NA,NA,NA,NA,NA,NA
"Kadavu","Kadavu East","Naceva","Kadavu East_Naceva",NA,NA,NA,NA,NA,NA,NA,NA,NA,NA,NA,NA,NA,NA,NA,NA,NA
"Kadavu","Kadavu East","Nakasaleka","Kadavu East_Nakasaleka",NA,NA,NA,NA,NA,NA,NA,NA,NA,NA,NA,NA,NA,NA,NA,NA,NA
"Kadavu","Kadavu East","Tavuki","Kadavu East_Tavuki",NA,NA,NA,NA,NA,NA,NA,NA,NA,NA,NA,NA,NA,NA,NA,NA,NA
"Ba","Viwa Island","Naviti","Viwa Island_Naviti",6.3,0.364839209260312,10,0,0,0,0,0,2.50671978936383,0,0,0.202488020906673,0,0.872377792477353,1.08950391829423,3.58618889623868,3.69475195914712
"Ba","Naviti","Naviti","Naviti_Naviti",6.3,4.63159156204486,10,0,0,0,0,0,2.10938266743607,0,0,0.202488020906673,0,1.12276884658206,1.4119551875323,3.71138442329103,3.85597759376615
"Ba","Yasawa Island","Yasawa","Yasawa Island_Yasawa",6.5,6.9213952273918,10,0,0,0,0,0,0.729272629314507,0,0,0,0,1.0713569253524,1.47088898805886,3.7856784626762,3.98544449402943
"Lomaiviti","Nairai","Nairai","Nairai_Nairai",NA,NA,NA,NA,NA,NA,NA,NA,NA,NA,NA,NA,NA,NA,NA,NA,NA
"Lau","Naitauba","LauOther","Naitauba_LauOther",NA,NA,NA,NA,NA,NA,NA,NA,NA,NA,NA,NA,NA,NA,NA,NA,NA
